,total_requests,js_requests,img_requests,doc_requests,css_requests,font_requests,media_requests,other_requests,3rdparty_requests,total_size,js_size,img_size,doc_size,css_size,font_size,media_size,other_size,3rdparty_size,firstContentfulPaint,firstMeaningfulPaint,largestContentfulPaint,totalCumulativeLayoutShift,speedIndex,interactive,observedLoad,observedDomContentLoaded,RequestsBeforeSI,TransferBeforeSI,RequestsAfterSI,TransferAfterSI
https://eff.org/,39,6,23,1,3,5,0,1,0,2427.237,914.993,889.261,13.058,423.332,186.299,0.0,0.294,0.0,1901,2060,2660,0.0024246851219623567,2238,2241,2284,1758,39,2427237,1,2972
https://isc.org/,27,8,10,1,3,1,0,4,12,577.872,200.168,283.371,5.88,30.72,56.893,0.0,0.84,270.918,987,987,1286,0.009448522503397169,1252,1626,1738,1201,25,428601,8,150625
https://telegram.me/,30,2,18,1,2,0,2,5,1,1214.777,14.07,654.685,6.293,40.316,0.0,496.55,2.863,0.278,715,715,904,0.0,1648,751,2593,1995,25,710311,7,519795
https://colorado.edu/,347,41,106,11,8,5,0,176,312,3422.244,716.394,2293.519,42.947,103.541,168.218,0.0,97.625,1071.039,1844,2185,3686,0.007591324190819925,3206,7517,9328,3603,36,997646,312,2429617
https://ameblo.jp/,46,14,19,1,3,1,0,8,41,1076.695,167.33,866.19,25.938,13.015,2.975,0.0,1.247,1050.324,1248,1451,2125,0.0,2994,2327,4390,2475,37,1072989,10,21474
https://nokia.com/,86,28,13,2,4,5,2,32,56,18200.778,677.329,442.038,28.845,87.732,254.666,16703.105,7.063,519.33,1919,1989,2901,0.004086453014296318,5217,4589,7707,3306,70,1420700,24,16787944
https://unc.edu/,72,29,17,2,7,8,3,6,28,25474.34,478.209,3647.281,37.427,148.48,169.76,20989.078,4.105,553.35,1907,1993,2029,0.0015302636418050232,5489,6696,10082,6362,53,2221545,19,23252795
https://unsplash.com/,88,20,38,1,0,0,0,29,34,894.949,431.22,375.363,47.329,0.0,0.0,0.0,41.037,48.307,1095,1146,2204,0.002331188333493007,9471,23792,15239,15000,18,436206,70,458743
https://hindustantimes.com/,477,65,198,38,2,2,0,172,339,3481.19,1301.113,1677.434,171.178,23.401,48.533,0.0,259.531,2123.743,801,934,2022,0.0008990028750220485,13941,13852,5170,2894,438,3213261,45,267929
https://typeform.com/,60,30,5,1,0,5,5,14,18,4922.009,945.888,118.844,59.578,0.0,218.234,3499.14,80.325,374.023,1037,1037,1211,0.0,3523,3750,4405,2545,53,3711164,8,1210845
https://duke.edu/,36,6,23,1,2,3,0,1,14,2584.138,280.939,2204.911,23.475,25.105,49.366,0.0,0.342,919.741,910,910,1385,0.19152220860705438,1911,1735,4071,1573,21,1144988,18,1440548
https://jpost.com/,548,96,171,38,31,7,0,205,504,2718.401,1769.878,395.072,192.533,68.422,97.128,0.0,195.368,2503.608,754,843,1469,0.07295311905420639,4655,13928,28374,1692,45,330091,514,2388310
https://gallup.com/,42,7,17,1,4,8,0,5,11,1264.74,157.884,870.22,11.79,77.477,144.145,0.0,3.224,229.753,1520,1520,2453,0.0010735200411391092,3432,1786,3847,3114,43,1264740,0,0
https://mashable.com/,333,50,82,29,6,10,0,156,315,3799.037,1181.083,2119.185,74.309,15.734,289.159,0.0,119.567,1656.922,705,705,7151,0.008966939316978569,7555,18695,23653,2603,40,1396246,298,2402791
https://arstechnica.com/,416,71,162,17,3,6,1,156,410,6168.845,2169.241,1580.522,59.899,73.193,138.867,2008.804,138.319,6129.884,1447,1777,3168,0.09001885224153527,9690,14090,19789,2265,180,3045106,250,3146513
https://ucsb.edu/,65,19,15,2,3,9,0,17,44,3703.675,1167.598,1941.382,171.858,115.321,271.443,0.0,36.073,1222.623,1327,2202,3913,1.0160586500916409,2432,4848,4345,1406,31,3298904,37,406054
https://sciencedirect.com/,35,13,6,2,3,3,0,8,32,909.934,481.179,217.438,28.489,21.384,154.912,0.0,6.532,880.353,830,830,1030,0.0031588607863168887,1428,2754,1439,731,12,688544,23,221390
https://teamviewer.com/,110,36,19,3,15,10,0,27,61,1495.097,663.253,15.219,21.051,89.993,654.732,0.0,50.849,577.874,1524,1660,2781,0.0,3399,3935,6249,2418,68,1329465,43,165632
https://bmj.com/,42,21,5,1,1,2,0,12,17,1030.787,762.327,91.307,32.526,0.758,48.794,0.0,95.075,424.674,1628,1628,1783,0.0169221885135363,2730,3893,4268,3269,27,673874,18,357434
https://phpbb.com/,53,5,23,1,21,0,0,3,2,407.891,127.803,195.903,6.648,52.899,0.0,0.0,24.638,17.762,1973,2133,3026,0.006444423104874584,2433,2133,2049,1548,51,383358,2,24533
https://slack.com/,96,19,23,8,6,4,11,25,94,11761.336,650.634,145.905,62.673,210.381,209.692,10419.179,62.872,11738.829,5620,5620,5620,0.07640372154077367,12764,12243,33737,33134,19,361808,82,11399528
https://yahoo.com/,132,44,40,4,8,3,0,33,94,1204.483,336.668,354.994,215.291,15.784,88.419,0.0,193.327,715.113,1039,1473,2000,0.00662600692277533,4234,6689,10380,7894,54,742066,79,464939
https://airbnb.com/,312,86,102,6,20,5,0,93,291,3869.456,1278.153,1496.055,180.636,33.707,96.423,0.0,784.482,3683.671,1596,1683,5857,0.0,11748,11980,16963,7630,214,1920037,98,1949419
https://nationalgeographic.com/,270,75,98,11,6,5,0,75,250,16665.408,3148.282,3846.272,430.518,133.247,192.576,0.0,8914.513,15837.423,1425,1425,4383,0.7459594131640673,7626,14676,15095,5375,90,5171888,193,11495022
https://elsevier.com/,44,10,19,1,2,4,0,8,22,1445.527,292.269,912.71,47.399,48.295,112.195,0.0,32.659,484.557,1984,1984,3227,0.00015856466247814188,2981,2871,3161,1889,45,1449512,2,1801
https://space.com/,701,90,215,65,7,6,0,318,697,5035.971,2890.445,1374.173,161.676,120.683,64.006,0.0,424.988,4964.279,654,939,1379,0.10355770570375364,13532,19699,34727,1979,346,3399714,362,1637641
https://theregister.co.uk/,61,13,26,4,3,2,0,13,41,819.562,418.335,269.555,27.35,26.873,52.169,0.0,25.28,647.33,1919,1919,1919,0.13399291339745947,4339,6915,11046,4247,26,435389,37,386188
https://theconversation.com/,37,6,13,1,3,1,0,13,8,747.644,359.359,254.72,56.001,41.477,12.882,0.0,23.205,134.765,813,817,1791,0.0,1970,2729,4121,2310,17,406005,22,341639
https://usembassy.gov/,78,31,11,4,11,3,0,18,45,1036.669,747.254,56.699,47.007,101.407,80.247,0.0,4.055,723.85,1474,1508,1756,0.553459538720575,2575,3960,5293,2994,39,447495,39,589174
https://google.co.jp/,36,10,7,2,1,2,0,14,13,788.303,612.103,29.5,58.057,0.919,26.204,0.0,61.52,319.584,771,771,1151,0.0,1307,2465,2839,1136,9,376669,29,413153
https://lemonde.fr/,34,8,9,1,3,8,0,5,8,865.343,131.355,173.597,59.051,193.389,303.443,0.0,4.508,156.321,669,772,1169,0.19462750924615208,1469,1621,3672,1604,25,505248,46,360782
https://linkedin.com/,45,6,3,3,1,0,0,32,32,450.125,334.435,10.249,20.185,40.095,0.0,0.0,45.161,382.482,912,912,1066,0.0,1624,3477,1842,848,6,210558,39,239567
https://nature.com/,175,29,66,14,2,2,0,62,136,1915.109,1032.32,555.467,65.311,16.798,140.66,0.0,104.553,1114.193,1750,1754,2341,0.10131282518594525,4434,10322,3648,2644,42,740074,139,1178011
https://fandom.com/,226,51,103,6,4,1,0,61,206,5187.931,1493.497,3368.241,35.623,41.937,34.152,0.0,214.481,4904.102,840,879,3167,0.04104126780884103,6872,12905,16034,3732,79,3895049,150,1292882
https://google.com/,36,10,7,2,1,2,0,14,8,784.175,612.252,29.269,57.8,0.92,26.204,0.0,57.73,259.127,831,831,1371,0.0,1419,2689,3000,1196,8,376888,30,408809
https://ign.com/,512,126,127,30,7,5,0,217,486,7819.619,2663.505,1272.797,307.881,24.921,165.157,0.0,3385.358,4467.683,916,917,3585,0.0018793531603306052,12831,30901,36453,8946,81,2221818,444,5598309
https://g.co/,10,2,2,1,2,2,0,1,9,94.815,19.603,2.582,1.76,14.115,55.199,0.0,1.556,93.055,809,809,1163,0.0,903,1190,1191,651,6,38006,5,56835
https://medlineplus.gov/,67,23,27,2,4,0,0,11,38,929.23,448.375,252.603,113.064,39.701,0.0,0.0,75.487,619.133,429,443,1102,0.07775701766864154,1819,3255,4415,1339,27,323216,45,608804
https://aol.com/,206,52,76,6,21,3,0,48,198,5147.184,969.735,568.81,362.707,80.964,130.434,0.0,3034.534,5054.713,1594,1594,3252,0.13218619446227717,6444,7900,8840,4771,135,1604824,79,3542360
https://goodhousekeeping.com/,231,87,60,8,3,9,0,64,184,3143.362,1572.055,571.888,103.566,2.291,513.687,0.0,379.875,2326.126,858,896,2458,0.0071938667558004085,6691,14715,8230,2588,64,1615458,178,1527904
https://ups.com/,153,48,25,9,2,14,0,55,124,2455.834,948.845,11.548,92.423,44.067,1012.027,0.0,346.924,1194.242,1452,1632,3043,0.0,3708,7112,6955,3245,50,1445326,107,1015932
https://instagram.com/,34,10,9,1,2,0,0,12,3,2060.783,996.728,839.05,40.685,43.54,0.0,0.0,140.78,90.108,901,1501,2461,0.015049272022212254,2100,1501,3005,1535,23,1656037,13,404746
https://metro.co.uk/,675,72,206,71,2,5,2,317,625,7133.112,1684.16,1066.017,480.636,27.749,41.732,3506.103,326.715,2326.558,984,984,2621,0.048035608539525064,12966,21823,30252,3035,163,2150735,524,4986545
https://globo.com/,270,66,120,8,3,5,0,68,241,2667.92,1464.416,825.268,175.542,34.083,95.718,0.0,72.893,2444.818,3486,4470,4499,8.485926180607973e-05,8004,13632,19317,8376,111,1804205,162,863715
https://sciencemag.org/,174,52,64,10,4,9,0,35,120,10976.452,1116.549,9468.318,65.648,114.162,200.191,0.0,11.584,908.382,6880,7023,16842,0.01740170179898543,8748,14647,20688,6913,27,2345493,149,8635921
https://weibo.com/,203,51,105,17,3,1,0,26,184,2283.024,604.596,1427.965,41.954,66.597,27.174,0.0,114.738,1721.865,2960,2960,4641,0.3041661048241455,7607,8955,14658,3834,124,2037481,84,255969
https://wpengine.com/,56,27,10,1,10,3,1,4,4,567.289,290.073,34.428,79.996,62.656,83.888,14.288,1.96,126.404,902,951,1002,0.007363204701987684,1876,1911,3865,3460,56,477611,14,89678
https://about.me/,36,17,7,2,2,3,0,5,18,1298.948,525.86,659.911,22.017,1.086,87.438,0.0,2.636,345.102,749,917,1758,0.0005902856122352438,1598,2462,3197,900,16,1029313,21,279140
https://sky.com/,191,87,37,8,3,4,10,42,146,4692.904,2090.452,127.646,93.725,20.835,104.022,2194.01,62.214,3668.027,1792,1792,4010,0.0,9092,20110,23106,6566,100,1707586,96,3001198
https://de.wikipedia.org/,51,11,32,1,2,0,0,5,27,1100.992,960.319,97.828,18.258,15.018,0.0,0.0,9.569,89.715,408,412,581,0.007287323859011999,1127,1292,1556,790,34,143959,17,957033
https://thestar.com/,405,90,95,20,7,16,0,177,302,5885.258,3482.157,421.583,132.779,69.996,587.681,0.0,1191.062,3647.676,3335,3335,8099,0.0002668312872714987,9850,26593,43413,5239,88,2844063,324,3050931
https://bilibili.com/,158,10,44,2,7,0,0,95,70,2134.315,525.086,1448.518,42.046,63.349,0.0,0.0,55.316,2043.362,2349,2349,4724,0.0011733886311725457,7862,10861,7565,5813,55,1716691,107,417624
https://jotform.com/,47,17,9,2,0,3,0,16,43,821.591,396.636,39.573,157.976,0.0,217.114,0.0,10.292,661.933,940,984,2314,0.0019170021679809158,2463,3906,3035,2022,11,553521,38,268070
https://bloomberg.com/,17,5,0,1,1,3,0,7,12,569.3,470.192,0.0,4.82,0.834,89.558,0.0,3.896,263.754,1104,1535,2027,0.0639769585631731,2526,4219,2382,1247,10,451045,9,140375
https://hugedomains.com/,61,10,32,1,10,1,0,7,13,467.427,149.77,228.28,6.913,57.312,13.478,0.0,11.674,88.866,987,987,987,0.0070750344044603584,1387,1983,2767,2225,27,179092,35,289367
https://calendar.google.com/,24,5,1,3,0,8,0,7,14,630.396,27.524,0.009,526.254,0.0,74.59,0.0,2.019,115.407,1255,1579,1565,0.0,2353,2239,3523,1517,11,574970,15,57470
https://wikipedia.org/,8,2,3,1,0,0,0,2,0,72.889,11.009,38.999,19.261,0.0,0.0,0.0,3.62,0.0,1050,1050,1320,0.0006195130817532352,1801,1401,2214,2094,7,70666,1,2223
https://opera.com/,57,13,17,2,11,2,0,12,54,712.377,463.176,117.679,18.678,35.065,58.292,0.0,19.487,693.918,2455,2455,2722,0.4722454580385712,3408,5399,3753,3368,28,367680,29,344697
https://adweek.com/,216,80,50,8,18,7,0,53,145,2880.25,1380.994,874.231,57.046,149.572,306.917,0.0,111.49,1468.838,2404,2404,3011,0.0,8548,19504,26583,6047,75,1591833,149,1289810
https://usa.gov/,82,27,33,1,4,4,0,13,28,1016.506,477.139,373.074,13.446,45.141,100.99,0.0,6.716,386.312,1151,1202,2102,0.04593207402264024,1958,2703,3838,1518,55,721444,28,298736
https://visualstudio.com/,134,25,37,2,49,4,0,17,18,6619.101,403.773,5808.925,52.754,204.535,121.909,0.0,27.205,221.226,2090,2169,5019,0.0033363752293257623,3689,5732,4857,4314,98,2089022,37,4530079
https://un.org/,25,4,6,1,8,2,0,4,10,1572.399,77.345,1427.283,3.332,45.297,18.23,0.0,0.912,99.372,1861,1972,2402,0.007519948632635789,3168,1972,3129,1931,25,1572399,1,695
https://openssl.org/,13,3,2,1,3,3,0,1,6,107.396,36.297,19.174,2.943,9.786,38.862,0.0,0.334,71.81,1601,1601,1659,0.011463265833140085,1677,1601,1484,1183,13,107396,1,6931
https://arcgis.com/,126,91,3,1,3,2,0,26,15,847.689,468.577,270.757,1.157,33.781,50.115,0.0,23.302,8.201,1611,1723,2744,0.016955107368006306,2497,2742,4515,1594,44,710190,84,142517
https://bizjournals.com/,270,86,87,17,8,14,0,58,234,4155.291,2371.721,968.042,124.031,253.011,284.184,0.0,154.302,3380.026,1526,1526,2015,0.09620938617249594,5877,11557,19522,4447,49,2084232,232,2073111
https://columbia.edu/,108,11,67,3,4,13,0,10,23,14768.265,462.243,13254.744,157.04,93.728,597.523,0.0,202.987,711.316,2764,2900,9916,0.0012178825296970707,8892,8838,14141,5734,92,7010118,16,7758147
https://ubc.ca/,37,11,12,4,3,1,0,6,17,784.262,234.396,363.61,9.71,110.647,64.019,0.0,1.88,232.166,1280,1280,2140,0.6001375623287052,1662,2328,3262,1742,29,728414,15,127851
https://verisign.com/,42,17,8,1,1,4,0,11,11,605.836,364.569,48.771,24.115,20.829,62.456,0.0,85.096,113.938,945,1455,1588,0.002915574543295898,2312,3580,3005,2172,26,358053,20,247783
https://trustpilot.com/,141,20,89,3,4,6,0,19,87,1901.969,748.725,733.888,62.823,68.371,139.082,0.0,149.08,1322.073,1894,1894,2296,0.0012325416949826341,3307,5943,9288,5655,35,332393,109,1585095
https://yelp.com/,124,44,42,1,7,5,0,25,113,2642.254,720.903,1589.675,45.607,52.086,153.312,0.0,80.671,2565.053,1146,1146,1629,0.1399897551597737,2946,4628,4136,4133,38,654478,87,2003112
https://about.com/,69,19,16,1,0,2,28,3,5,14378.528,473.396,1413.047,31.377,0.0,167.694,12292.212,0.802,106.057,1023,1921,3002,0.4206294094191966,2309,3035,3264,2861,36,1976536,34,12405499
https://purdue.edu/,243,67,40,9,18,15,0,94,229,8787.242,2426.167,1090.346,79.492,216.05,449.413,0.0,4525.774,8183.438,1794,1834,5212,0.0029943266216655427,6070,9214,17795,2666,84,2711876,165,6077023
https://blogspot.com/,63,3,45,1,2,4,0,8,53,1889.507,36.148,1723.193,73.48,7.991,45.252,0.0,3.443,1737.168,1106,1416,2929,0.0006125556358400912,3687,1416,3756,2236,64,1890835,0,0
https://twitch.tv/,168,25,72,3,8,2,0,58,158,4022.34,1511.625,914.497,45.844,29.555,67.676,0.0,1453.143,3955.745,582,5819,9036,0.0022898812129702596,14103,19591,29016,7195,28,1386915,141,2635425
https://quora.com/,33,17,5,1,2,0,0,8,26,2381.323,838.242,1218.535,20.379,14.485,0.0,0.0,289.682,2355.654,1098,2388,2893,0.03745318352059925,3384,3892,3756,1284,12,1716226,21,665097
https://plus.google.com/,22,5,1,3,0,8,0,5,14,631.571,27.523,0.009,526.302,0.0,75.01,0.0,2.727,116.02,1232,1528,1528,0.0,2301,1528,5014,2111,6,542153,18,91461
https://lnkd.in/,45,6,3,3,1,0,0,32,34,448.901,334.436,10.248,20.146,40.095,0.0,0.0,43.976,383.284,958,958,1047,0.0,1361,2541,1505,727,7,211153,38,237748
https://telegram.org/,29,2,18,1,2,0,2,4,0,1214.498,14.07,654.685,6.292,40.316,0.0,496.55,2.585,0.0,565,568,771,0.0,1279,588,1924,1220,23,612100,8,617727
https://whitehouse.gov/,32,6,6,1,1,7,0,11,8,1083.62,192.577,405.16,54.077,74.106,354.034,0.0,3.666,149.049,926,1017,2488,0.0,1900,2648,2415,1176,29,1080269,4,3351
https://tmall.com/,95,27,31,2,1,2,0,32,72,1052.393,353.364,598.816,7.849,4.327,22.96,0.0,65.077,1032.948,2033,2033,2569,0.009387114589461,3797,4159,8218,3449,37,772370,59,280225
https://gamespot.com/,586,113,254,38,3,10,1,167,483,6322.072,2610.965,1612.343,384.675,106.582,239.017,1199.657,168.833,4154.362,2029,2029,3389,0.015349112098551207,14558,25226,7051,5258,207,3470511,395,2856008
https://thehill.com/,420,84,107,31,15,8,0,175,367,7157.888,2317.589,4205.408,103.392,156.8,119.92,0.0,254.779,2699.242,2053,2056,4636,0.043912854913980635,13817,29508,43183,6637,83,3524201,356,3633687
https://eventbrite.com/,111,53,32,3,6,0,0,17,107,1823.906,1336.877,383.619,24.374,42.841,0.0,0.0,36.195,1770.699,1921,1921,2519,0.005798052812749304,4472,7171,9882,2737,51,1225951,61,613343
https://wa.gov/,93,25,58,2,8,0,0,0,11,1998.153,489.433,1425.016,24.668,59.036,0.0,0.0,0.0,130.486,891,1144,1414,0.002736135174087614,1793,1511,2729,1739,61,1271747,33,727318
https://adobe.com/,227,68,51,10,4,3,1,90,203,4930.722,1356.199,617.216,46.237,82.227,166.836,2600.167,61.84,1924.552,1225,1257,3421,0.0,7902,10572,3823,2286,146,4577642,86,354213
https://nps.gov/,70,23,26,1,9,2,0,9,13,2066.5,429.636,1333.294,8.957,118.761,121.99,0.0,53.862,177.062,1439,1559,3058,0.029712662542608254,3141,2699,5035,3584,66,2010987,9,56658
https://googleblog.com/,61,17,30,1,3,4,0,6,42,9879.113,575.908,9064.628,63.627,108.152,62.618,0.0,4.18,9337.503,1540,1827,2783,0.0,3622,3370,11373,2057,52,3717063,11,6163958
https://ea.com/,144,77,27,1,0,31,0,8,43,4812.581,602.509,2744.471,26.788,0.0,1429.645,0.0,9.168,1458.134,1469,2797,10010,1.2943696954636879,13167,14203,18686,2885,106,2491091,42,2321490
https://blogspot.ca/,36,10,7,2,1,2,0,14,9,787.345,612.252,29.269,57.776,0.92,26.203,0.0,60.925,259.399,803,803,811,0.0,1308,2529,2709,1047,9,376833,29,412033
https://aliexpress.com/,205,39,77,4,6,4,0,75,185,2265.219,1034.291,988.122,16.156,48.737,48.72,0.0,129.193,2099.291,1945,2188,3443,0.06870002850438156,7123,7509,32502,2886,165,1567303,41,697916
https://politico.com/,509,105,135,41,15,36,0,177,452,4565.434,2577.695,846.417,268.645,80.549,460.889,0.0,331.239,3665.101,2125,2205,2392,0.20302364255526573,15865,28307,44702,3855,131,2684993,390,1880441
https://bostonglobe.com/,561,72,207,44,4,6,0,228,491,4003.035,2707.923,654.555,293.372,9.134,128.755,0.0,209.296,2897.647,1939,1939,6532,0.27419585438563976,7645,12513,26585,8870,171,2437609,394,1565426
https://semanticscholar.org/,41,15,10,1,4,4,0,7,28,1282.409,1038.272,10.683,84.798,77.461,66.755,0.0,4.44,473.093,1241,1281,1301,0.00025688372739908244,2807,6390,8629,2163,24,1031467,21,260194
https://cmu.edu/,95,19,30,2,5,3,0,36,60,12348.965,1117.801,4696.683,89.052,118.551,71.047,0.0,6255.831,8374.4,1437,1589,4546,0.00019330449357619255,4475,5939,7838,3297,39,3800684,57,8563803
https://stackoverflow.com/,43,6,27,1,4,4,0,1,42,606.784,147.978,182.373,52.669,133.864,84.322,0.0,5.578,554.115,960,1147,1455,0.019404903751078548,1740,1689,2665,1820,38,516884,5,89900
https://mail.ru/,323,33,198,7,5,1,0,79,111,3946.777,1814.631,1673.202,108.397,45.942,63.591,0.0,241.014,2176.675,2487,2487,6781,0.0003372335221213741,9874,15222,25962,4259,147,1051655,182,2912292
https://herokuapp.com/,183,42,80,14,15,9,1,22,97,4204.303,1924.871,1415.591,210.912,201.531,250.735,0.599,200.064,1939.966,2010,2355,4118,1.8901157471979502,5933,8166,10096,8906,123,2732863,69,1522107
https://angelfire.com/,27,4,16,1,3,0,0,3,26,531.161,117.27,385.357,14.395,12.932,0.0,0.0,1.207,516.766,2772,2834,3361,0.02663304439190964,3579,3442,4386,3422,16,331812,12,211311
https://att.com/,220,94,34,9,6,6,0,71,130,3804.015,2266.585,170.689,438.117,152.341,76.927,0.0,699.356,1902.101,2260,2260,2739,0.0,6363,18709,9172,5573,30,661113,197,3144368
https://prnewswire.com/,113,53,31,3,1,8,0,17,55,2478.425,723.336,1488.24,27.036,83.413,112.43,0.0,43.97,537.595,1432,1485,4013,0.00550770596303688,4068,5774,3369,3054,72,2143493,41,334932
https://rfc-editor.org/,16,4,3,1,5,1,0,2,2,299.057,44.893,164.707,14.938,60.231,13.478,0.0,0.81,14.592,1077,1077,1155,0.012376418923109478,1966,1164,2588,2006,14,232946,2,66111
https://irishtimes.com/,177,34,61,5,9,14,0,54,86,5736.024,831.24,4174.888,178.757,80.827,296.424,0.0,173.888,3420.288,2208,3464,5705,0.42857960077395485,11352,10156,17371,10787,159,3123497,19,2612527
https://policies.google.com/,24,7,6,1,1,4,0,5,18,389.959,273.356,8.452,55.871,0.666,50.412,0.0,1.202,293.82,553,806,1116,0.00011496674608568122,970,1738,1659,975,15,223781,11,167787
https://pitt.edu/,128,40,22,1,51,4,2,8,26,20869.728,704.539,974.722,24.29,108.948,156.432,18894.589,6.208,431.294,1303,1359,1530,0.00334702457937917,4108,3540,6215,4278,114,20762320,16,112687
https://uiowa.edu/,188,33,52,4,23,9,7,60,117,14055.463,948.478,2778.469,30.091,70.703,235.075,9958.302,34.345,434.654,1178,1516,4399,0.01292112101274614,3970,7734,9120,3258,56,1978587,140,12083501
https://amazon.co.jp/,307,10,218,3,3,8,0,65,272,2510.077,280.381,1854.525,102.689,66.458,173.649,0.0,32.375,2407.356,1335,1366,5190,0.014787910044311691,3699,6158,6095,3626,67,982822,241,1530240
https://google.es/,37,10,7,2,1,2,0,15,13,786.556,612.271,29.5,57.978,0.92,26.203,0.0,59.684,319.584,851,851,1403,0.0,4197,3514,8301,5619,10,376820,29,411255
https://cdc.gov/,75,25,17,3,7,6,0,17,10,3560.704,494.891,2422.743,52.474,230.895,302.728,0.0,56.973,39.104,977,1263,2926,0.28436711825598704,2605,4414,3787,2089,34,3082431,41,478273
https://office365.com/,233,60,74,6,10,5,0,78,140,2962.726,776.179,1824.532,49.796,110.175,143.085,0.0,58.959,485.251,1452,1861,3034,0.16232543682509878,5745,11725,8303,5006,54,736190,181,2226536
https://euronews.com/,144,64,25,4,9,7,0,35,68,1334.736,853.754,224.643,66.496,64.759,90.707,0.0,34.377,697.886,1273,1310,2091,0.001229547029576644,2608,5741,7225,3008,31,471245,114,863491
https://ibtimes.com/,430,57,153,32,3,12,0,173,345,4253.309,1485.388,2067.648,120.605,92.205,384.443,0.0,103.02,2119.928,1268,1741,4129,0.00035496035316838893,10477,15602,20818,3657,244,3735800,189,519835
https://wp.com/,111,40,35,8,3,1,2,22,104,9981.91,971.377,221.288,49.355,33.382,33.837,8667.258,5.413,1275.651,912,912,1748,0.0037355439336975087,3128,7466,10856,2078,37,385423,78,9596487
https://oregonstate.edu/,66,21,17,3,6,6,5,8,42,7252.702,452.806,233.596,13.93,81.537,521.765,5946.69,2.378,845.696,660,712,1193,0.0003602387909059409,2192,5154,6551,1516,29,1030400,38,6241315
https://stackexchange.com/,77,4,68,1,2,0,0,2,70,691.389,52.402,547.815,19.019,71.269,0.0,0.0,0.884,658.279,754,754,754,0.03828143341024533,1680,754,4422,2380,28,188338,50,508547
https://olympics.com/,121,33,42,5,3,3,0,35,67,3706.176,1021.341,892.006,32.474,1486.283,167.169,0.0,106.903,2866.38,1329,1329,2190,0.05309008081578639,3967,5544,4724,3269,84,1823266,41,1882910
https://foreignpolicy.com/,456,66,138,32,5,7,0,208,414,12632.524,1680.177,10102.55,110.296,337.069,184.499,0.0,217.933,2062.364,1033,1033,4158,0.017293640017274604,5527,13951,19038,2606,82,3929539,379,8703785
https://telegra.ph/,13,7,1,1,2,0,0,2,1,300.207,116.153,3.473,1.645,172.947,0.0,0.0,5.989,0.178,1254,1375,1564,0.0017141756413624025,2091,1435,2217,2053,16,382247,0,0
https://nist.gov/,62,6,43,1,5,4,0,3,6,1719.984,116.697,1422.467,18.685,77.661,84.299,0.0,0.175,36.797,1751,2060,6274,0.46480185776624544,2936,2782,4493,3271,49,1027745,14,694770
https://venturebeat.com/,136,45,31,6,2,4,0,48,118,1972.899,1133.971,643.801,38.03,28.141,82.633,0.0,46.323,1358.575,729,743,1297,0.12308687473194964,3711,6065,1586,1441,55,1192895,85,783578
https://imdb.com/,201,21,91,3,3,3,0,80,178,2352.612,813.668,1238.039,161.493,34.337,33.677,0.0,71.398,2157.984,1724,1807,2043,0.20108335295678392,4892,9473,15141,6373,38,1317168,163,1035444
https://thelancet.com/,99,20,21,5,15,14,0,24,65,2024.351,708.442,408.438,59.899,150.095,653.532,0.0,43.945,924.046,2091,2330,4246,0.9999188169165262,5372,4788,6923,4909,93,1792922,11,255197
https://steampowered.com/,114,11,87,1,9,4,0,2,111,6257.334,186.449,5404.205,78.397,87.575,500.036,0.0,0.672,6178.265,1326,1615,2241,0.14883543818123374,2341,1793,4599,2995,48,1303132,68,4993065
https://aljazeera.com/,651,97,157,72,6,6,0,313,601,3704.753,2367.4,586.473,182.28,65.79,144.004,0.0,358.806,2427.387,2078,2078,2078,0.035341910646594935,5823,18068,38316,3563,52,1538021,605,2166732
https://plesk.com/,179,67,47,3,44,6,0,12,34,1739.26,793.115,332.415,63.966,241.621,301.537,0.0,6.606,386.293,1907,2050,2343,0.13121377449461782,4754,7167,8730,5832,128,1143779,57,595481
https://business.site/,67,12,27,1,2,15,0,10,55,862.013,369.834,183.952,28.457,37.075,229.225,0.0,13.47,745.165,1380,1380,1692,0.00043228932099279434,2014,2576,2368,2258,49,532316,19,329697
https://researchgate.net/,40,14,7,1,8,3,0,7,31,1198.651,861.327,184.826,10.128,61.967,61.166,0.0,19.237,1031.707,1587,1587,2943,6.184593472240503e-05,2093,3212,3073,2329,30,996660,11,203698
https://flic.kr/,10,5,3,1,1,0,0,0,9,356.169,57.135,1.911,75.479,221.644,0.0,0.0,0.0,280.69,677,694,694,0.009390484195779703,931,694,1104,874,1,75479,9,280690
https://investopedia.com/,249,45,66,22,11,2,0,103,227,1611.494,1182.123,213.271,77.87,20.75,39.332,0.0,78.148,1229.485,742,754,1010,0.00029472857111732494,2743,8012,3820,1699,37,538226,216,1088464
https://northwestern.edu/,50,3,32,1,2,6,0,6,5,1715.425,54.342,1306.159,9.581,22.135,321.722,0.0,1.486,52.627,1492,1492,2711,0.6498507720149003,3439,2710,5909,3963,40,1425079,11,295590
https://nyc.gov/,164,46,92,1,11,2,0,12,14,2704.289,374.911,2070.743,13.545,79.482,147.168,0.0,18.44,186.215,1274,1274,5979,0.5516231246267441,3449,6092,5946,4309,105,1070360,60,1640873
https://flickr.com/,100,65,21,1,1,5,0,7,13,13202.159,1247.046,11494.179,75.471,221.653,161.025,0.0,2.785,241.908,806,1563,6201,0.02478481607346117,5004,6807,6265,2284,71,1818512,31,11416109
https://drive.google.com/,75,5,42,1,3,18,0,6,68,3165.509,181.191,2502.073,16.611,53.022,407.032,0.0,5.58,3062.484,1387,1387,2666,0.16036953414152105,2174,1387,5242,497,31,622031,46,2559164
https://pinterest.ca/,253,59,159,9,2,4,0,20,239,14637.884,1912.868,12309.436,171.139,24.593,49.918,0.0,169.93,14453.577,1961,2454,11991,0.0,10905,12849,12200,2061,189,8531956,64,6105928
https://nba.com/,669,136,193,32,14,4,0,290,551,4071.534,2640.123,843.285,120.273,67.828,54.732,0.0,345.293,2688.712,1408,1408,3636,0.032972756704137546,8846,22661,31513,4621,140,2069466,536,2017567
https://themeforest.net/,79,20,44,1,1,0,0,13,75,995.146,534.988,341.151,65.165,33.824,0.0,0.0,20.018,919.625,1691,1691,1691,0.0,3330,8839,9934,7187,15,310201,64,684945
https://google.com.br/,38,10,7,2,1,2,0,16,14,786.496,612.169,29.5,58.019,0.92,26.205,0.0,59.683,319.741,843,863,1234,0.0,2009,3728,4290,1605,10,376746,30,411272
https://ca.gov/,126,21,68,2,12,4,0,19,125,4434.564,564.876,3450.932,116.858,107.834,147.506,0.0,46.558,4423.726,977,1238,9117,0.0,11517,10239,15387,2719,114,3290404,29,1148699
https://google.fr/,38,10,7,2,1,2,0,16,14,787.416,612.667,29.789,57.906,0.92,26.204,0.0,59.93,320.154,783,783,1061,0.0,2484,5751,9486,1146,8,305009,32,483929
https://apnews.com/,366,63,73,38,2,6,0,184,344,3090.718,1904.18,328.753,450.523,26.21,142.216,0.0,238.836,2379.843,527,980,1073,0.062133774928124455,5780,12691,21054,1047,62,1701847,308,1388871
https://lenovo.com/,281,120,71,6,6,3,0,75,266,2636.73,2191.691,274.823,40.581,16.924,42.624,0.0,70.087,2540.986,2653,2653,3414,0.009361003101301078,5047,14852,7351,4374,61,711165,223,1927562
https://www.nhs.uk/,15,3,5,1,1,2,0,3,0,536.538,110.648,128.841,7.374,231.52,35.576,0.0,22.579,0.0,703,703,1088,1.0,1515,1131,2146,2000,11,478727,4,57811
https://ec.europa.eu/,10,2,3,1,3,0,0,1,0,85.73,45.065,8.558,1.987,28.918,0.0,0.0,1.202,0.0,1684,1684,2362,0.020973782771535582,1980,1684,1672,1621,7,74090,4,12149
https://hrw.org/,72,22,24,1,3,9,0,13,40,1879.542,877.499,427.636,49.48,39.664,473.605,0.0,11.658,465.23,1168,1168,3454,0.0,2300,5174,2736,2212,31,1388776,43,491234
https://httpd.apache.org/,15,2,9,1,2,0,0,1,2,171.226,5.267,154.41,2.982,6.552,0.0,0.0,2.015,28.65,576,576,989,0.010971937495653741,1169,959,1815,1261,7,113614,9,58184
https://dan.com/,39,16,12,1,1,4,0,5,11,1383.853,546.901,565.677,10.149,67.658,155.938,0.0,37.53,217.081,1282,1282,1512,0.0011932471901158694,2409,3635,3587,3142,30,1216750,9,167103
https://udemy.com/,232,44,66,9,6,3,0,104,184,2638.553,1362.438,906.059,76.512,29.626,95.401,0.0,168.517,1838.691,923,940,1818,0.3632798213027405,6197,8153,2608,2547,85,2113411,153,525142
https://parallels.com/,135,50,32,7,7,7,0,32,91,2025.59,963.27,681.542,18.097,58.86,180.791,0.0,123.03,963.075,2234,2234,2272,0.08310733000607655,3929,6226,8609,3432,42,741030,95,1284560
https://atlasobscura.com/,294,79,65,17,5,8,0,120,263,10202.893,2451.295,6948.615,177.39,266.338,239.51,0.0,119.745,7368.651,2771,2771,4035,0.012825620645720463,10405,16421,24388,5145,117,3883631,180,6319262
https://qualtrics.com/,416,145,96,17,26,18,1,113,283,5103.629,2262.911,533.574,141.013,178.387,421.149,1471.547,95.048,1782.566,2759,2852,4078,0.006102818524417989,9920,17605,17369,5849,121,2285725,297,2817904
https://wetransfer.com/,199,51,67,5,3,6,0,67,193,2503.535,1848.143,233.506,18.144,61.495,268.573,0.0,73.674,2492.381,2804,2804,6249,0.0002934594168636722,9526,8492,9673,1525,188,2249316,11,254219
https://yale.edu/,51,13,17,1,11,5,0,4,9,1943.628,220.095,1282.597,22.564,84.961,331.691,0.0,1.72,68.503,1319,1439,2313,0.07986107932559797,2450,2832,3321,2498,44,1925281,8,29753
https://iso.org/,34,8,10,1,2,3,0,10,11,926.253,303.619,335.658,9.643,92.622,150.568,0.0,34.143,175.511,3260,3360,3260,0.12739355466272584,6239,3389,10027,4714,26,502625,9,426730
https://nvidia.com/,247,91,86,5,8,4,0,53,207,5033.026,1830.299,2759.69,69.475,113.887,198.765,0.0,60.91,1434.452,1948,1948,4315,0.003321546077999571,8125,10095,7233,5317,157,3639142,96,1400142
https://dev.mysql.com/,38,11,14,2,3,6,0,2,15,465.37,198.111,107.784,8.033,23.128,127.102,0.0,1.212,103.987,971,1104,1192,0.005005869286404783,1566,1727,2962,2648,23,263107,17,203369
https://office.com/,69,11,34,3,4,7,0,10,67,6962.343,218.14,6463.571,44.507,88.656,136.502,0.0,10.967,6925.352,1148,1657,4930,0.00010236188746853906,2754,2774,3252,1899,58,6915204,13,58223
https://service.gov.uk/,14,4,1,1,4,2,0,2,1,174.737,41.683,3.765,13.376,47.995,65.262,0.0,2.656,0.135,605,667,735,0.2174088920028992,752,689,1039,898,10,103189,4,71548
https://buzzfeednews.com/,560,64,211,41,3,8,0,233,539,4706.957,2421.728,1587.771,178.601,20.823,261.549,0.0,236.485,3553.081,1244,1958,2913,0.14757383259868506,7764,18460,25295,1323,130,3177440,438,1529517
https://businesswire.com/,99,29,48,1,2,0,3,16,29,22329.105,684.573,5029.851,20.949,52.871,0.0,16418.932,121.929,322.838,1579,1579,6527,0.1144655052195394,3760,6802,5850,3013,61,1356891,43,20992162
https://freebsd.org/,15,0,6,1,7,0,0,1,0,97.53,0.0,80.107,4.679,12.453,0.0,0.0,0.291,0.0,1395,1395,1835,0.0,1709,1395,1463,915,15,97530,1,6390
https://oxfordjournals.org/,112,21,53,7,8,6,0,17,94,2959.915,760.663,905.843,304.106,154.849,82.341,0.0,752.113,2743.27,2430,2438,2973,0.35159969290232473,4057,6072,8350,5161,60,1567788,58,1417617
https://thetimes.co.uk/,636,241,113,31,5,13,0,233,467,4352.25,3150.555,334.095,320.144,20.939,238.859,0.0,287.658,2583.434,2633,2633,6504,0.09128508796541739,11326,22990,26117,5558,215,2434825,431,1917425
https://github.com/,57,25,11,1,8,4,0,8,52,1077.083,387.382,294.717,48.068,123.201,176.193,0.0,47.522,1002.953,1084,1275,2242,0.0,5082,41860,4357,3972,54,1060151,3,16932
https://substack.com/,25,6,12,1,2,2,1,1,22,2296.737,648.873,235.964,94.704,112.168,139.187,1065.497,0.344,2200.715,991,1055,2544,0.0038409529028231803,1886,3507,3314,2859,14,957418,12,1373095
https://domainmarket.com/,49,15,19,2,5,5,0,3,27,868.874,312.198,387.817,9.149,29.958,128.796,0.0,0.956,462.935,1128,1148,1764,0.059886519263960915,2067,3328,4932,2465,28,283895,22,585983
https://samsung.com/,546,133,298,21,13,4,0,77,257,4760.423,2009.027,1895.456,73.67,59.821,451.073,0.0,271.376,2281.71,1495,1530,2392,0.006803056018534685,21735,26985,15532,4850,487,4143121,59,617302
https://liveinternet.ru/,314,78,98,8,3,3,2,122,308,23787.638,2218.724,808.349,68.798,139.629,34.091,1198.082,19319.965,23572.591,2865,2865,6626,0.06783859525342306,10092,12383,17769,6807,89,2042135,236,21790653
https://woocommerce.com/,149,79,36,4,4,9,0,17,65,5220.169,1576.755,3121.36,34.939,204.883,271.405,0.0,10.827,1180.192,1878,1878,3465,0.09034838914600832,3585,6206,6314,3302,85,3493524,65,1726645
https://cctv.com/,316,56,244,1,3,0,0,12,293,9861.456,844.379,4860.369,63.195,39.219,0.0,0.0,4054.294,9612.683,2419,2419,5375,0.00040113257901684576,8457,8600,15963,8370,208,2817275,111,7282473
https://zoho.com/,46,19,10,5,4,3,0,5,38,1402.692,279.779,865.132,12.973,57.395,166.306,0.0,21.107,1337.702,1222,1287,4050,0.029291493851592392,2771,4289,4729,2139,26,1227946,21,205082
https://wikihow.com/,88,11,61,1,1,0,0,14,9,954.694,421.29,464.102,50.756,14.145,0.0,0.0,4.401,216.088,856,1227,1621,0.00558122816164556,2496,6011,6043,2679,34,338399,72,625606
https://blogger.com/,63,3,45,1,2,4,0,8,52,1889.373,36.148,1723.195,73.48,7.991,45.252,0.0,3.307,1736.823,1096,1382,2912,0.00016879517683937394,3598,1382,3721,1964,64,1890701,0,0
https://caltech.edu/,141,15,113,1,3,2,0,7,118,9561.353,441.454,8894.963,65.902,58.518,92.477,0.0,8.039,9264.328,1924,1955,2655,0.0387966475255948,4662,6385,10212,5102,49,2054030,92,7507323
https://utoronto.ca/,61,12,14,4,13,6,0,12,34,3178.188,349.93,2193.386,117.633,158.842,351.076,0.0,7.321,740.048,1587,2158,3459,0.44596799273439874,3226,3596,6324,2870,42,2975373,19,202815
https://apps.apple.com/,118,8,91,1,6,5,0,7,0,1622.145,218.121,360.993,21.253,48.604,918.374,0.0,54.8,0.0,1945,2145,2145,0.004366790421249078,3638,3758,5760,4455,113,1352485,7,292837
https://phys.org/,318,29,138,9,7,5,0,130,314,1261.982,507.521,505.208,101.675,50.522,79.657,0.0,17.399,1228.0,1344,1625,1715,0.0007451908742448701,4014,6908,11536,3148,128,423456,196,840022
https://php.net/,26,7,5,1,5,4,0,4,1,930.816,61.221,4.536,7.362,13.898,572.082,0.0,271.717,33.69,1258,1383,1616,0.0032176641721754096,2492,2751,3546,3280,21,273384,24,657432
https://washington.edu/,67,18,21,1,4,7,0,16,40,2453.128,423.863,1705.217,17.174,52.955,249.099,0.0,4.82,1945.146,1700,2177,4066,0.005569893097708667,2498,3907,3590,1486,37,1582636,31,871248
https://zoom.us/,246,59,108,5,10,3,0,61,132,9232.871,2603.998,5758.166,57.316,120.505,553.828,0.0,139.058,1453.407,2555,3250,7296,0.056846985752181035,13470,17983,24293,14706,98,4716524,150,4516347
https://eu.com/,27,5,17,1,2,0,0,2,5,184.717,100.875,70.685,3.75,8.67,0.0,0.0,0.737,18.803,698,698,1330,0.025733615612566534,1035,1128,1645,922,24,183479,4,1598
https://thoughtco.com/,225,28,73,22,1,2,0,99,206,1337.673,942.906,204.203,64.835,10.44,36.25,0.0,79.039,925.965,785,799,1101,0.0,2737,8623,1300,1065,19,423714,208,929890
https://postgresql.org/,24,6,7,1,5,3,0,2,3,564.699,111.753,311.754,6.225,43.306,91.343,0.0,0.318,61.683,1413,1413,1639,0.10881754326411254,2121,2299,2707,2391,16,280232,9,289545
https://bitnami.com/,50,16,17,1,2,5,0,9,48,927.143,442.118,233.024,87.069,21.98,100.817,0.0,42.135,838.402,1373,1373,1454,0.02430023730198595,2077,3000,3462,2436,30,487553,20,439590
https://reuters.com/,642,98,166,55,3,5,0,315,604,6979.989,3319.706,2620.563,400.935,64.624,210.511,0.0,363.65,3332.733,1420,2244,4264,0.20599250936329588,11130,21451,11472,3874,112,4945745,536,2034244
https://kde.org/,36,2,28,1,2,2,0,1,1,5701.02,36.534,5451.582,9.838,35.912,167.053,0.0,0.101,397.202,1528,1574,4957,0.0024123899482567665,3777,4687,4290,3726,40,5716652,0,0
https://utah.edu/,82,15,33,6,9,9,0,10,54,2934.361,337.34,2198.423,13.539,42.729,200.383,0.0,141.947,2529.963,1357,1667,1747,0.0010849471942644012,2447,2654,4802,2347,48,720969,35,2214034
https://rollingstone.com/,830,177,241,50,16,8,0,338,755,5388.511,3686.038,654.258,393.879,71.303,258.43,0.0,324.603,4268.359,1486,1486,12224,0.13480325707496277,11068,29642,43587,7808,132,2587164,711,2801347
https://hopkinsmedicine.org/,89,22,32,2,9,6,0,18,48,1552.705,522.247,801.198,15.011,101.31,91.196,0.0,21.743,582.86,2019,2433,2820,0.002514982019547046,3008,5353,4471,3597,48,1022176,46,534572
https://tripod.com/,60,12,29,2,3,0,0,14,57,575.759,88.402,440.41,25.447,14.29,0.0,0.0,7.21,552.493,2329,2329,2511,0.25448825894627886,3099,2697,5071,3830,27,524006,34,67299
https://ssa.gov/,54,18,25,1,3,0,0,7,24,791.685,441.19,321.639,7.556,18.396,0.0,0.0,2.904,446.917,1256,1321,2498,0.0,1859,3338,3662,1808,14,123255,42,670722
https://brookings.edu/,118,48,28,7,9,14,0,12,93,2313.376,1211.6,682.974,78.198,120.379,199.039,0.0,21.186,1987.014,2703,2940,3985,0.0,4799,6244,6432,2255,92,2001348,27,312719
https://uci.edu/,62,21,16,2,9,4,0,10,36,7779.042,950.622,6290.73,79.812,235.995,190.407,0.0,31.476,1243.869,1162,1162,4331,0.13206053448384952,1920,2939,5317,2785,22,3633944,41,4160671
https://cbslocal.com/,109,31,41,6,7,3,1,20,77,5241.586,1269.776,1338.198,51.633,58.926,106.228,2344.496,72.329,3816.168,1340,1419,1819,0.01057492651278897,3490,5502,2059,1774,53,1880790,58,3361119
https://answers.com/,47,18,9,1,2,3,0,14,21,1255.17,320.286,770.861,33.2,11.706,56.747,0.0,62.37,254.302,1070,1070,2363,0.0,2180,2316,2659,1748,29,1009803,19,247002
https://axios.com/,215,50,75,9,2,19,0,60,128,3935.556,986.013,2480.0,57.749,22.23,209.118,0.0,180.446,2716.165,1047,1055,2967,0.04746820777160273,3908,6286,10906,2528,77,1448507,145,2487049
https://rottentomatoes.com/,251,74,77,11,2,10,0,77,216,2971.388,1660.735,833.454,85.232,20.315,81.439,0.0,290.213,2420.879,1326,1402,1551,0.0174502878509071,5414,11141,12014,5059,48,1054951,209,1919983
https://symantec.com/,64,17,21,1,7,5,0,13,13,2028.176,490.509,1220.633,2.309,100.904,146.589,0.0,67.232,228.107,801,1536,2646,0.0046364070913181375,3602,2692,2511,2318,66,2028903,0,0
https://google.com.au/,38,11,7,2,1,2,0,15,15,787.628,612.803,29.789,58.825,0.92,26.204,0.0,59.087,320.291,766,784,1193,0.0,1566,2731,3450,1456,9,376925,31,412225
https://doubleclick.net/,45,11,14,1,2,6,0,11,32,709.631,257.03,313.756,20.13,29.02,88.792,0.0,0.903,587.88,1116,1442,1821,0.0072404571737963224,1867,2628,3400,2885,28,479525,19,245790
https://cell.com/,53,9,21,1,8,5,0,9,30,1534.085,383.882,811.572,49.039,100.593,152.247,0.0,36.752,1027.87,1534,1534,2583,0.18169419565846026,3018,2693,3531,2596,48,1437090,7,110494
https://sagepub.com/,41,13,11,1,9,2,0,5,8,1122.076,241.407,724.724,18.329,91.163,41.418,0.0,5.035,163.979,889,1141,1766,0.00895778006705484,1807,1508,2416,2010,36,1101961,6,31454
https://cutt.ly/,40,12,16,1,5,3,0,3,4,425.468,239.519,66.738,20.954,51.498,44.159,0.0,2.6,45.284,1143,1300,1457,0.006533483854948381,3021,3288,6021,4805,34,373129,8,52339
https://colorlib.com/,16,2,9,1,1,1,0,2,3,636.464,7.568,528.79,18.701,1.363,77.915,0.0,2.127,84.712,412,418,418,0.00569247038500464,647,791,1320,1147,6,262981,10,373483
https://prestashop.com/,69,23,19,5,5,2,0,15,45,2243.864,902.09,1046.639,17.836,94.885,166.546,0.0,15.868,899.533,2416,2454,4388,0.07733290810882762,4315,5422,7669,4168,39,1229942,32,1018418
https://prezi.com/,115,30,40,4,4,4,8,25,113,1290.668,656.083,360.991,19.894,40.888,163.606,22.731,26.475,1273.11,1519,1519,1799,0.09484362178537287,1971,4355,5763,2418,40,605016,75,685652
https://accuweather.com/,283,74,107,23,6,3,1,69,276,11578.957,2002.833,620.545,258.588,36.761,81.788,8352.372,226.07,11343.485,1056,1056,1838,0.1600904469460986,8652,21403,32164,2841,36,802544,257,10791812
https://jquery.com/,35,8,17,1,4,5,0,0,8,423.769,161.671,118.626,4.944,30.583,107.945,0.0,0.0,140.647,684,747,765,0.006560165201100823,1046,747,1366,1119,33,399880,3,25973
https://fcc.gov/,76,20,31,3,13,4,0,5,47,3208.186,530.778,2359.007,122.424,95.746,98.566,0.0,1.665,1109.123,1370,1514,3720,0.05271669463941051,2567,3936,2586,2088,42,2451027,41,772652
https://youronlinechoices.eu/,10,4,3,1,2,0,0,0,0,172.757,40.17,123.149,2.817,6.621,0.0,0.0,0.0,0.0,623,623,795,0.04415650701923357,1287,623,1730,1386,8,83781,3,90832
https://web.dev/,41,11,10,3,4,5,0,8,22,1031.345,413.425,441.683,36.237,41.647,85.136,0.0,13.217,798.609,463,495,1253,0.0,1042,1225,2813,565,22,572538,24,460927
https://mayoclinic.org/,131,46,33,11,6,4,0,31,99,1846.937,1196.41,369.938,24.363,76.603,164.511,0.0,15.112,1157.347,1488,1488,1987,0.04356483987264306,2741,5787,8561,2443,38,826967,94,1019970
https://livejournal.com/,278,36,95,7,4,0,0,136,265,2927.652,1383.376,456.704,115.867,447.216,0.0,0.0,524.489,2576.206,1634,1669,5880,0.3736914788504717,9130,18756,11442,4472,51,1969814,238,1146818
https://coe.int/,127,41,53,2,21,4,0,6,22,2151.511,546.924,1248.441,39.711,144.298,170.713,0.0,1.424,469.711,3607,3607,5326,0.5553998227696495,6399,5860,12259,7118,98,1709777,30,443361
https://soundcloud.com/,83,28,25,3,4,0,0,23,62,2635.695,1775.229,484.153,11.083,273.614,0.0,0.0,91.616,2521.219,1761,2860,3584,0.0,4722,6535,5826,2779,85,2398847,24,390204
https://foodnetwork.com/,405,75,111,40,3,5,0,171,399,3455.355,2349.395,489.291,216.065,83.696,114.422,0.0,202.486,3386.527,775,788,2222,0.2369337133269046,7800,16354,31721,4900,91,2166568,322,1288787
https://prweb.com/,364,145,51,8,75,8,1,76,249,2325.438,1216.744,669.991,35.883,199.522,129.685,8.443,65.17,1806.054,3695,3783,3839,0.002654204535076433,6197,11746,13662,6443,136,732583,228,1592855
https://stumbleupon.com/,23,10,6,1,2,0,0,4,2,480.236,177.003,294.643,2.399,4.375,0.0,0.0,1.816,72.972,643,643,1277,0.04123964976797128,1147,1283,1892,1617,18,188034,7,294491
https://greenpeace.org/,14,5,3,1,1,0,0,4,4,237.126,158.071,64.629,1.658,4.201,0.0,0.0,8.567,137.996,791,791,1705,0.0014838976716887778,1493,1827,2076,1563,11,216603,4,21112
https://web.facebook.com/,28,13,4,1,5,0,0,5,22,303.121,229.939,26.943,25.262,15.923,0.0,0.0,5.054,276.891,1072,1072,1212,0.0,1546,1072,2920,1824,16,208666,14,94455
https://ssrn.com/,68,18,20,1,15,5,0,9,21,1018.087,488.494,252.673,12.548,73.531,160.32,0.0,30.521,461.39,1465,1488,1642,0.015350943514904722,3411,2595,4311,3921,65,1013984,3,4103
https://newsweek.com/,197,32,108,5,8,6,0,38,141,1984.515,806.676,956.747,113.315,33.194,61.673,0.0,12.91,1458.858,1070,1282,1568,0.00113704838829541,4922,11407,15520,9046,62,809371,138,1183115
https://news.com.au/,387,94,184,7,3,1,0,98,354,3111.844,1683.677,1183.624,110.815,2.314,25.624,0.0,105.79,2525.612,829,882,1306,0.027832317148239576,5519,23186,19885,5400,21,402077,377,2709767
https://nobelprize.org/,85,36,13,4,7,5,0,20,59,2106.99,1064.824,683.47,92.5,95.809,105.762,0.0,64.625,1221.635,1305,1305,3689,0.2489303648797836,3549,4977,7288,2508,43,1409705,45,697285
https://mediafire.com/,114,25,45,9,6,6,0,23,66,1485.939,1110.933,95.563,49.082,129.07,75.922,0.0,25.369,1132.121,2137,3753,5071,0.0,11401,11398,17169,2287,71,1127873,44,359663
https://lg.com/,266,77,65,12,18,7,0,87,185,2863.648,1672.16,739.451,38.033,100.176,272.354,0.0,41.474,2047.644,1481,1481,2983,0.3089783326513625,9178,11128,11813,3098,220,2115925,47,749151
https://tripadvisor.com/,465,34,14,8,5,1,0,403,439,2073.824,1016.432,377.837,65.332,38.03,45.255,0.0,530.938,1692.477,2611,2611,2771,0.0,3431,8987,4309,2118,29,874079,438,1199745
https://readthedocs.io/,31,10,12,1,1,3,0,4,30,991.519,422.804,39.985,6.13,54.133,467.527,0.0,0.94,985.389,1757,1757,1977,2.6505816301222802e-05,2896,2219,3667,2786,25,523387,6,468132
https://icann.org/,36,4,20,1,5,3,0,3,7,975.727,529.729,329.549,18.792,57.768,32.445,0.0,7.444,65.991,1239,1239,3235,0.08814464079833272,2562,3223,3444,2828,35,968651,3,14078
https://umd.edu/,82,25,27,4,8,6,0,12,46,7673.386,1576.298,5806.099,66.093,80.629,111.827,0.0,32.44,1797.489,1559,1685,5962,0.7256921776467707,6029,9365,17236,2540,31,1797047,53,5877516
https://play.google.com/,85,19,44,2,1,5,0,14,71,1995.862,660.313,563.973,359.564,24.268,273.687,0.0,114.057,1523.645,679,1154,1374,0.06907532360786169,1627,1154,6147,2611,37,829325,48,1166537
https://fema.gov/,137,84,28,2,8,7,0,8,31,966.318,523.951,115.751,39.91,169.384,115.089,0.0,2.233,375.319,1652,1652,2937,0.017996483802221883,2727,3070,4762,4185,120,829812,18,144780
https://inc.com/,305,99,88,17,9,20,0,72,271,12418.815,3745.515,7992.554,128.291,87.347,287.423,0.0,177.685,9528.632,1348,3158,5304,0.2017341395512363,7613,12746,18262,5937,76,4143289,234,8276011
https://podbean.com/,86,30,27,2,3,3,0,21,61,1430.419,648.47,452.011,22.173,64.872,199.349,0.0,43.544,765.131,1360,1360,2015,0.10342607364897391,3836,5041,7172,2727,40,992330,47,440259
https://latimes.com/,491,108,127,44,4,9,1,198,477,9677.211,2087.772,750.842,150.839,57.275,141.474,6300.225,188.784,9388.914,749,815,3744,0.11037065127919529,10350,18803,19638,2473,138,2307262,368,7369949
https://dot.gov/,72,17,29,1,6,7,0,12,34,4655.873,443.1,3845.481,15.183,120.696,206.276,0.0,25.137,541.693,1762,2162,4133,0.0017767581044851,3723,4468,6522,4645,48,1450787,25,3205086
https://admin.ch/,108,24,47,4,4,7,0,22,32,11569.816,1895.725,9110.988,164.494,110.315,240.956,0.0,47.338,1166.95,2150,2306,4584,0.2038909505263711,5427,7042,9588,5313,40,2022426,71,9562866
https://lifehacker.com/,737,104,253,62,1,7,1,309,704,3837.71,2238.865,775.92,415.667,1.496,189.103,0.234,216.425,3527.058,728,949,1760,0.030911853511761983,5811,14209,36041,3527,52,958655,695,2879055
https://thenai.org/,63,8,43,2,5,3,0,2,9,34771.734,272.482,34191.249,92.958,33.404,180.173,0.0,1.468,150.819,8511,9024,13460,0.02577842917815942,9046,14836,23505,2957,16,439487,47,34332247
https://openoffice.org/,26,5,15,1,4,0,0,1,3,134.013,23.347,75.761,9.057,25.611,0.0,0.0,0.237,31.017,3237,3237,4957,0.0050734311013933995,4206,3237,4116,3522,23,101812,4,64527
https://va.gov/,62,23,13,1,4,4,0,17,42,1858.25,1247.37,334.651,19.083,96.424,137.331,0.0,23.391,1377.188,1225,1225,4030,0.2111410022710973,2436,4550,3811,2766,26,1297967,40,563988
https://weather.gov/,46,13,22,1,8,0,0,2,4,566.045,153.894,359.232,32.027,20.648,0.0,0.0,0.244,28.027,799,835,1457,0.03455889691435789,1392,1341,1998,1143,43,503563,4,74265
https://instructables.com/,59,15,25,3,3,5,0,8,29,3367.083,581.306,2630.74,27.277,34.161,89.646,0.0,3.953,424.351,1011,1022,3526,0.008642943034092871,2418,4595,3092,1677,20,1961173,44,1411271
https://wikidot.com/,38,12,14,1,5,1,0,5,29,1956.535,323.759,1549.555,6.829,30.668,43.898,0.0,1.826,1757.058,1462,1462,2255,0.004204698928514829,2216,2297,3551,2735,27,1878953,11,77582
https://ru.wikipedia.org/,44,6,33,1,2,0,0,2,29,528.69,227.524,241.611,28.799,26.899,0.0,0.0,3.857,228.07,563,585,685,0.0005225905461825599,1415,1307,1859,1211,40,502968,4,25722
https://mozilla.org/,57,15,20,1,10,4,0,7,8,882.008,220.664,334.959,20.964,23.616,271.918,0.0,9.887,338.095,1040,1040,1920,0.10413371463078216,1482,2697,2135,1861,50,780556,9,101452
https://cuny.edu/,131,56,18,4,22,6,1,24,78,6426.384,1421.937,1742.341,32.752,211.488,229.24,2773.832,14.794,1163.008,2312,2312,2429,0.014026982281889451,5674,6260,8401,3420,107,6179568,25,247611
https://uber.com/,44,25,7,1,0,4,0,7,38,1405.109,485.676,720.269,47.149,0.0,118.86,0.0,33.155,1326.525,882,921,3184,9.476649287601591e-05,5253,4038,4716,4401,43,1377793,2,27316
https://outlook.com/,55,10,28,2,8,2,0,5,53,2559.376,84.457,1664.606,12.666,720.91,67.31,0.0,9.427,2546.71,1597,1653,2329,9.793830096135509e-05,3822,2508,4260,1691,55,2559376,0,0
https://digitaltrends.com/,210,72,55,5,2,4,0,72,152,2222.272,1045.805,934.776,63.018,14.276,85.593,0.0,78.804,1030.304,748,806,1145,0.00036550385410539,1617,5954,5308,1985,22,460438,203,1761834
https://deadline.com/,797,131,237,49,4,3,0,373,745,3838.641,2380.934,793.94,150.507,55.142,165.874,0.0,292.244,2973.915,1041,1391,1463,0.056378985220631755,18205,29001,39919,5667,173,2528694,641,1311951
https://picasaweb.google.com/,24,5,1,3,0,8,0,7,14,632.22,27.523,0.009,525.859,0.0,75.012,0.0,3.817,115.828,1220,1563,1584,0.0,2065,1563,3435,859,13,588584,13,45680
https://indiegogo.com/,44,11,15,2,2,6,0,8,39,2263.948,686.004,1350.597,10.511,1.203,209.233,0.0,6.4,2249.068,2664,2664,4050,0.10917136703336404,10024,7909,10395,5985,44,1545340,1,718608
https://express.co.uk/,133,68,30,3,6,2,0,24,94,2544.446,2095.753,155.465,84.449,73.907,47.095,0.0,87.777,1804.991,2453,2533,2517,0.0,7688,7164,16388,5067,91,1868109,43,678531
https://mirror.co.uk/,386,69,130,27,9,4,0,147,289,3486.271,2311.976,567.25,119.121,41.097,325.818,0.0,121.009,1904.691,1479,1515,2769,0.010179092116207836,4393,13592,19902,6510,55,1505722,336,1982393
https://upenn.edu/,97,8,51,1,27,5,0,5,13,5593.418,176.721,5219.79,40.674,71.062,71.121,0.0,14.05,159.508,899,899,2007,0.05408160494009549,2722,2514,3961,3091,89,4671355,8,922063
https://cambridge.org/,70,13,23,5,7,4,1,17,25,21744.885,789.263,610.057,163.117,73.618,885.764,19172.472,50.594,678.765,1043,1585,1319,0.040857412603642417,2102,4595,4133,1961,31,20035463,41,1712732
https://twitter.com/,53,25,1,2,1,4,0,20,38,2279.66,1550.182,404.677,69.054,0.608,180.28,0.0,74.859,2179.62,283,1572,2697,0.013032787017960755,2728,1572,1969,1932,45,2156162,8,123498
https://wipo.int/,86,17,40,2,2,1,0,24,14,4026.688,1054.118,2892.48,14.031,24.529,25.476,0.0,16.054,226.483,3052,3337,8846,0.011187489402986634,5627,4612,11541,7214,41,1138944,45,2887744
https://google.de/,36,10,7,2,1,2,0,14,13,786.534,612.168,29.789,57.746,0.92,26.205,0.0,59.706,319.586,743,743,1149,0.0,1333,2456,2908,1257,8,376891,30,411162
https://news.google.com/,65,18,21,1,2,8,0,15,52,1148.469,461.076,40.417,351.501,2.215,235.842,0.0,57.418,741.605,1059,1059,1402,0.01275430395247633,2264,1059,11379,5272,31,933864,34,214605
https://amazon.ca/,384,16,274,6,6,8,2,72,348,4893.596,370.233,3157.177,146.324,68.307,171.52,938.217,41.818,4755.866,2669,2669,4468,0.1503156830258724,5308,8517,9758,6150,101,1570208,286,3330699
https://apache.org/,59,16,23,2,6,3,0,9,34,1988.992,945.671,824.622,43.54,81.958,60.556,0.0,32.645,1126.531,1260,1572,2183,0.0002494209216724373,2573,2603,4526,2776,37,1808646,24,182182
https://500px.com/,98,21,32,2,5,0,0,38,39,8108.011,1503.031,6520.582,13.394,15.775,0.0,0.0,55.229,2559.158,2114,2522,6158,0.0,5242,6995,7707,2144,92,5069361,11,3055941
https://rutgers.edu/,165,18,73,4,10,5,2,53,134,37431.193,1067.73,16331.988,340.942,1859.47,71.183,17707.676,52.204,18867.669,3944,3944,6073,0.0023288238942297504,11115,10707,9786,6106,134,19713878,36,17718264
https://open.spotify.com/,138,32,19,5,5,6,0,71,120,3381.922,2445.354,305.445,27.711,88.273,357.771,0.0,157.368,3365.364,3350,3876,5787,0.007568927304964538,5558,7717,10656,3480,28,2257588,113,1124334
https://zillow.com/,11,2,2,1,1,0,0,5,7,433.611,300.014,124.869,2.363,3.079,0.0,0.0,3.286,387.112,2048,2048,2048,0.002909494206578525,3524,2737,4048,1829,7,307881,5,127735
https://google.ru/,36,10,7,2,1,2,0,14,13,786.811,612.252,29.789,57.885,0.92,26.204,0.0,59.761,319.584,770,770,1209,0.0,1432,2512,2968,1318,8,377116,30,411217
https://trello.com/,45,29,11,1,0,3,0,1,44,1002.531,252.869,568.777,72.149,0.0,108.463,0.0,0.273,930.382,1038,1363,1894,0.0002999281673517713,1833,1363,4072,1265,41,553384,8,557801
https://athemes.com/,51,15,22,1,6,1,0,6,15,963.201,205.663,656.234,20.475,41.961,35.91,0.0,2.958,114.31,1026,1026,1953,0.0,1786,2093,3617,1564,30,498841,21,464360
https://apple.com/,68,10,35,1,6,9,0,7,10,3818.311,360.763,1869.278,18.944,92.939,1470.155,0.0,6.232,1340.969,1774,2266,3657,0.0,3418,2555,4509,2780,66,3817135,3,24343
https://tufts.edu/,95,17,44,1,16,5,4,8,48,11224.96,761.763,2609.596,280.15,147.021,168.715,7218.501,39.214,938.98,2120,2468,3718,0.002292392379923136,6751,7914,9909,6984,72,3562166,25,7663874
https://youronlinechoices.com/,10,4,3,1,2,0,0,0,0,172.758,40.171,123.149,2.817,6.621,0.0,0.0,0.0,0.0,560,560,711,0.04415650701923357,1343,560,1923,1433,9,115243,2,59371
https://imgur.com/,436,48,134,49,4,4,6,191,361,4990.361,1035.065,1212.631,51.192,21.687,135.614,2417.929,116.243,606.81,2808,3526,4568,0.012322509965056827,7961,20097,35229,2725,95,2255143,343,2735218
https://facebook.com/,28,13,4,1,5,0,0,5,22,302.985,229.942,26.768,25.355,15.916,0.0,0.0,5.004,276.887,1051,1051,1170,0.0,1504,1051,2859,1765,16,208540,14,94445
https://oracle.com/,111,41,42,3,3,5,0,17,23,2808.95,580.634,1496.716,79.082,237.751,369.793,0.0,44.974,169.571,1977,2095,4924,0.008049349023737063,8219,11923,17247,8187,74,2578615,46,246405
https://nasa.gov/,82,20,16,4,12,3,0,27,33,7961.404,6782.999,492.846,39.296,536.675,36.956,0.0,72.632,510.702,7864,7864,10036,0.5277886890741263,7864,11139,7128,3080,51,7446177,32,531076
https://accor.com/,272,37,52,4,14,4,0,161,230,8950.278,2430.144,1088.218,109.048,213.473,75.899,0.0,5033.496,6137.845,3726,3726,6917,0.044592748467207045,11537,14986,33573,11251,71,3595131,214,5364162
https://wikia.com/,110,20,52,3,1,1,0,33,101,2402.83,672.398,1323.165,290.929,1.228,34.151,0.0,80.959,2105.319,1880,1880,3246,0.0,2725,3653,5198,3444,50,1494568,62,908262
https://pcmag.com/,387,74,109,31,3,10,0,160,356,2393.013,1327.289,588.601,71.654,17.104,246.716,0.0,141.649,1982.113,1445,1719,7583,0.03030368901854926,9707,21810,32552,4877,93,1295806,310,1100215
https://fortune.com/,49,25,9,2,1,11,0,1,24,1399.069,605.594,283.923,64.23,1.583,440.591,0.0,3.148,436.817,618,852,3198,0.008081814427892102,1832,3655,4754,2338,27,899996,26,499814
https://sourceforge.net/,100,18,37,3,4,2,0,36,98,549.867,279.81,111.909,22.291,69.15,50.561,0.0,16.146,529.386,1398,1398,1994,0.0,2505,3193,5718,3380,30,425994,71,123873
https://android.com/,59,13,22,1,1,6,0,16,41,597.773,260.216,195.341,25.467,12.493,103.487,0.0,0.769,415.057,874,1072,2870,0.0003119367584686009,3807,3563,2139,1962,29,393788,32,204474
https://duckduckgo.com/,26,9,6,2,2,3,0,4,0,366.982,227.561,15.069,4.765,46.842,61.892,0.0,10.853,0.0,962,982,1022,1.435067419610259e-05,1104,1342,2003,1575,14,337760,14,44339
https://huffpost.com/,678,91,160,64,5,14,0,344,650,8957.129,2362.6,1140.376,361.521,20.541,678.69,0.0,4393.401,7927.692,689,827,1631,0.1882659867980438,6834,34873,12679,3711,91,2509888,596,6447976
https://medscape.com/,295,57,100,16,4,6,0,112,286,2284.652,1324.048,615.312,61.27,34.081,98.512,0.0,151.429,2252.615,1404,1421,4638,0.7976747338634798,5381,9216,12161,5113,114,1634436,183,650600
https://engadget.com/,97,27,42,2,10,4,0,12,89,3678.012,527.752,2902.189,54.64,26.913,154.752,0.0,11.766,3617.188,1423,1602,2124,0.004777922911102336,2692,4315,4532,4135,47,589854,50,3088158
https://iheart.com/,366,122,84,9,2,0,3,146,171,6978.441,1989.451,860.947,284.528,8.228,0.0,3651.307,183.98,1422.6,1378,1493,8046,0.40322470678983324,10605,19833,4545,4032,180,2068658,189,4911326
https://bitly.com/,82,24,19,3,4,5,0,27,79,1692.643,785.214,577.557,70.804,50.14,192.91,0.0,16.018,1553.8,1202,1307,4110,0.0,4946,3709,6356,2254,79,1648804,6,49820
https://fbcdn.net/,28,13,4,1,5,0,0,5,23,303.055,229.942,26.923,25.254,15.916,0.0,0.0,5.02,277.135,974,974,1094,0.0,1195,974,2086,1270,16,208600,14,94455
https://mcgill.ca/,90,36,17,4,6,8,0,19,61,2830.843,1364.159,753.633,63.098,440.73,176.132,0.0,33.091,1314.47,2610,2610,4067,0.17136637795571696,4135,5972,9262,3782,40,2356743,52,475685
https://jimdo.com/,130,39,30,4,0,4,1,52,87,2296.853,1638.791,206.726,108.69,0.0,82.806,199.232,60.608,526.243,1083,1115,1115,0.0506616044133215,3296,6007,5972,2384,40,1692786,99,604067
https://wordpress.org/,38,10,13,1,9,2,0,3,22,1449.566,117.186,968.715,16.532,77.914,267.676,0.0,1.543,1137.93,1067,1067,1687,0.006329147326748808,1560,1768,2239,1765,33,1231735,6,249559
https://m.me/,31,13,7,1,3,3,0,4,29,1538.723,240.128,1092.97,26.784,13.203,93.843,0.0,71.795,1511.91,976,976,1136,0.09752493743253038,1704,976,3240,1998,18,282409,13,1256314
https://webs.com/,73,40,17,3,4,5,0,4,68,734.097,291.186,347.114,6.924,13.961,73.89,0.0,1.022,717.894,1198,1326,1530,0.009519451111194678,2556,3434,5620,2353,32,540494,42,226757
https://squarespace.com/,443,56,164,9,28,2,0,184,371,3378.958,1528.697,1423.184,92.108,68.965,84.97,0.0,181.034,2389.847,1880,1880,2006,0.0007049758206258434,3900,9061,6039,5058,66,2070610,378,1308682
https://worldbank.org/,93,29,33,3,4,4,0,20,65,1379.147,563.5,588.981,29.858,34.097,145.943,0.0,16.768,1088.623,1264,1511,3098,0.024764787734328622,2807,3633,5789,3365,44,985681,49,393466
https://verywellmind.com/,81,13,38,3,2,2,0,23,42,926.4,583.327,197.059,40.256,17.884,61.607,0.0,26.267,404.669,1038,1049,1236,0.0,2114,4815,2691,1809,24,475352,59,466510
https://amazon.fr/,313,17,235,5,6,8,2,40,263,4286.531,421.609,2536.548,136.77,68.53,171.595,938.096,13.383,4143.305,1808,1845,3806,0.15038535768999006,5849,12227,15992,10283,103,902844,213,3390997
https://medicalnewstoday.com/,176,40,40,13,1,6,0,76,151,2015.108,1322.976,242.896,54.501,0.265,194.23,0.0,200.24,1526.992,1237,1237,1353,0.0352945502320044,4187,7984,11508,3232,43,1265494,136,749614
https://qq.com/,101,27,53,1,1,0,0,19,59,1328.596,657.276,617.403,27.784,15.133,0.0,0.0,11.0,1279.503,1397,1400,3306,0.013170976625560387,3486,6187,7459,4364,48,1030718,54,297878
https://walmart.com/,196,64,40,5,2,3,0,82,160,1534.731,729.357,291.855,77.393,69.838,51.065,0.0,315.223,1175.826,1486,3237,1856,0.035267839431135234,5513,6853,6374,2821,134,1191386,68,344947
https://amd.com/,89,34,17,3,7,9,1,18,28,6367.711,1095.674,1100.143,49.157,132.387,299.158,3327.252,363.94,889.161,1616,1674,3836,0.25100422582241655,7383,9220,11798,5115,76,2584612,17,3784638
https://vic.gov.au/,71,25,14,2,0,4,0,26,16,2665.294,885.88,543.907,167.212,0.0,101.128,0.0,967.167,248.776,3242,3242,3722,0.0,6762,11267,13201,6586,33,1489159,38,1176135
https://ebay.com/,236,74,86,20,7,4,0,45,209,2633.551,1180.338,1007.379,193.666,45.436,45.449,0.0,161.283,2375.932,927,968,1753,0.07272048340169457,6245,8318,2653,2374,168,2070565,74,563732
https://fbi.gov/,86,12,52,2,6,1,0,13,51,2996.822,555.395,1957.103,121.891,215.707,54.737,0.0,91.989,1118.734,1601,1735,2781,0.07652348020478825,2444,4541,4611,2454,27,1259330,66,1737492
https://computerworld.com/,259,67,93,5,17,12,0,65,206,2400.094,1636.485,246.167,46.138,58.881,305.019,0.0,107.404,2006.877,1316,1342,1996,0.16854954912501074,4032,16647,28435,4381,86,1259371,176,1142179
https://spreaker.com/,52,13,25,1,3,3,0,7,49,1514.688,505.75,621.888,14.313,53.525,312.553,0.0,6.659,1498.0,2660,2660,2942,0.0021621205361872847,3660,4985,7307,4316,21,1094925,33,421285
https://ebay.co.uk/,126,30,75,6,3,2,0,10,116,1621.85,324.944,1055.487,117.591,38.003,45.784,0.0,40.041,1485.855,1122,1142,2119,0.03267510018032683,3264,3244,3453,2722,91,983621,41,638972
https://lonelyplanet.com/,84,34,20,5,3,5,0,17,65,2431.292,1400.895,394.208,179.752,84.225,331.628,0.0,40.584,1429.357,1725,1725,4476,0.055209878568147686,7426,7626,9824,8463,44,1851358,43,595773
https://google.it/,38,10,8,2,1,2,0,15,14,788.803,612.253,29.515,58.014,0.92,26.205,0.0,61.896,320.403,846,846,1505,0.0,1913,4061,4571,1809,10,376839,30,413487
https://mysql.com/,60,24,17,2,5,6,0,6,35,829.86,304.796,348.206,8.624,32.095,127.102,0.0,9.037,256.165,1313,1350,1854,0.0013690334917087568,2271,2122,3695,2971,23,404850,41,426116
https://worldcat.org/,79,19,38,1,15,0,0,6,28,645.614,434.726,91.935,15.419,67.09,0.0,0.0,36.444,452.185,1655,1655,2604,0.02399729300841077,3174,2615,3248,3071,80,645698,0,0
https://nasdaq.com/,404,95,89,37,5,16,0,162,358,4621.394,3293.072,498.477,91.383,57.799,416.318,0.0,264.345,2856.875,1041,1041,6103,0.009574588623830541,9338,16373,25173,6612,100,3013477,318,1623342
https://atlassian.com/,207,47,70,7,2,6,0,75,86,3484.687,2410.893,574.313,34.982,284.821,159.011,0.0,20.667,624.821,2704,2747,3282,0.6542226815825783,6778,16997,14941,10463,80,2117372,135,1367315
https://diigo.com/,19,3,10,1,2,0,0,3,5,409.272,55.725,343.556,4.286,4.846,0.0,0.0,0.859,18.929,1066,1118,1759,0.0,1447,1753,2076,1306,14,386895,6,23595
https://hhs.gov/,134,41,45,3,7,2,0,36,94,1834.937,1304.119,248.654,61.425,118.434,26.745,0.0,75.56,1383.089,1132,1132,2628,0.05628910683230351,3226,5985,7437,2020,47,1336218,90,499875
https://fao.org/,231,67,83,9,17,9,2,44,139,17526.385,1989.282,8521.907,183.721,149.014,200.435,6333.121,148.905,2426.027,2217,2369,4214,0.02567889306269265,8357,7905,27984,3618,146,3741195,92,13830301
https://scmp.com/,660,163,79,27,25,12,0,354,266,4581.93,2720.714,888.605,230.449,97.627,135.788,0.0,508.747,1960.886,1631,1631,4063,0.009483834283702535,15745,29325,44327,12323,323,2813185,342,1769314
https://npr.org/,622,124,189,62,5,0,0,242,571,4202.37,2946.163,664.201,121.939,255.072,0.0,0.0,214.995,3180.216,1265,1463,5034,0.02327649080025775,5885,9920,4380,1954,83,1389251,567,2929332
https://schneier.com/,32,5,15,1,9,0,0,2,24,248.322,39.734,130.703,14.074,62.853,0.0,0.0,0.958,224.664,955,955,955,0.05469342141352715,1126,1079,1218,1195,25,238016,7,10306
https://theguardian.com/,303,49,129,16,3,28,0,78,272,2838.126,1397.072,848.416,208.677,47.014,241.659,0.0,95.288,2545.301,1029,1077,1386,0.3532687260881166,5459,10827,12815,4130,134,1529290,175,1308836
https://nypost.com/,881,142,237,69,45,3,0,385,754,4220.236,2993.072,439.921,192.278,122.17,83.184,0.0,389.611,2747.379,1959,2029,2471,0.11941207425692785,15129,33655,41849,9390,154,2054362,746,2189999
https://illinois.edu/,99,37,34,3,3,9,0,13,40,3256.656,727.196,1919.372,50.552,152.866,368.112,0.0,38.558,629.044,1254,1254,7519,0.01433246918516623,9438,9367,13540,12378,89,3151787,12,106349
https://uspto.gov/,51,27,9,1,7,0,0,7,9,1448.926,967.867,294.21,21.386,156.253,0.0,0.0,9.21,160.109,1963,1963,2860,5.052337160428499e-05,4274,5873,27185,26967,22,307762,32,1147781
https://telegraph.co.uk/,348,115,105,17,3,3,0,105,274,3200.496,1962.692,843.579,83.762,50.003,147.12,0.0,113.34,1866.677,994,1022,1590,0.02214587133045204,3961,10708,14559,3653,60,1414723,291,1785773
https://python.org/,34,8,3,1,3,5,0,14,10,533.494,152.837,24.015,50.057,157.929,140.509,0.0,8.147,138.518,1440,1651,2522,0.11205143857613736,2245,2192,3435,2695,24,539654,12,22938
https://urbandictionary.com/,346,22,75,32,0,3,0,214,342,880.289,461.666,133.687,76.185,0.0,50.371,0.0,158.38,858.591,893,1420,1500,0.013661315741544085,3750,8921,30441,2518,17,503823,332,376827
https://ufl.edu/,158,53,46,4,26,11,0,18,56,3280.723,1229.224,1490.362,75.418,289.21,176.755,0.0,19.754,945.94,3485,3485,3485,0.22951587141700405,6776,7045,10945,6000,124,2801954,34,478769
https://wustl.edu/,73,13,38,1,4,8,0,9,19,4050.756,190.855,3647.628,24.879,45.96,122.376,0.0,19.058,232.676,1055,1261,2281,0.36837609732768894,2126,1803,3864,2267,56,1611923,17,2438833
https://fedoraproject.org/,27,1,17,1,3,3,0,2,7,766.477,214.131,300.979,5.45,53.971,190.47,0.0,1.476,144.679,1201,1697,1965,0.06050726578777484,1684,2377,1991,1878,22,587378,7,183569
https://georgetown.edu/,106,25,43,3,9,8,1,17,72,13423.919,1271.019,5657.597,72.737,152.344,396.632,5833.592,39.998,8609.423,1362,1762,2158,0.0030964469653490157,4222,5687,4937,2726,80,12492686,27,935140
https://openstreetmap.org/,55,4,41,1,3,0,0,6,0,793.443,190.466,522.238,6.349,41.342,0.0,0.0,33.048,0.0,2048,2149,2344,0.0,2934,2940,3425,2038,48,713148,7,80295
https://dribbble.com/,78,24,30,3,3,3,1,14,31,10178.454,610.992,304.198,60.864,67.713,106.065,8989.724,38.898,403.135,717,717,1087,0.06818018237423158,3258,12095,5524,2070,31,738257,48,9440197
https://biomedcentral.com/,56,16,14,2,3,5,0,16,39,2127.5,1290.107,558.8,68.361,18.993,164.636,0.0,26.603,1779.421,1498,1498,1498,0.0005116004531897882,2242,4425,4488,1089,24,779633,34,1347867
https://miamiherald.com/,758,115,237,49,6,5,0,346,702,4647.637,3190.605,906.306,105.841,61.531,110.62,0.0,272.734,3498.74,1649,1672,1697,0.2749232916051475,12564,24034,27724,3909,243,2781426,575,1866211
https://howstuffworks.com/,79,24,16,3,0,3,0,33,74,956.241,664.24,131.606,37.789,0.0,56.001,0.0,66.605,913.792,914,958,1243,0.0,2709,3946,6790,2972,17,255278,63,700963
https://springer.com/,58,24,23,2,4,0,0,5,41,1125.687,774.284,271.641,9.091,69.255,0.0,0.0,1.416,720.016,1870,1918,1918,0.0037800824513226504,4923,6007,8241,4063,28,761158,31,371774
https://addthis.com/,72,31,9,6,5,1,0,20,39,573.737,416.411,22.464,38.955,52.638,31.563,0.0,11.706,170.442,924,1186,1302,0.006154730982637947,4771,9071,14865,1795,37,392977,37,182084
https://archives.gov/,90,17,19,3,33,6,0,12,32,1058.74,499.218,267.034,34.079,97.696,141.14,0.0,19.573,462.88,1472,1573,1987,0.10460617055300525,4282,5135,7349,3904,66,813359,24,245381
https://digg.com/,104,25,44,3,7,5,0,20,52,4813.306,779.837,3737.025,35.093,17.76,230.489,0.0,13.102,890.252,2115,2275,2355,0.04010268364117528,4986,7946,10150,5751,25,483719,79,4329587
https://pewresearch.org/,116,27,55,2,11,7,0,14,39,7173.93,1025.229,5650.077,30.826,122.63,342.251,0.0,2.917,706.915,1284,1324,2536,0.21342437647231838,2740,4773,6189,3885,78,4047652,39,3127358
https://us.com/,18,1,12,1,2,0,0,2,4,100.408,17.565,72.98,2.329,6.797,0.0,0.0,0.737,18.803,325,325,847,0.010472407407407408,754,786,1661,1187,14,81605,5,19163
https://spiegel.de/,59,21,6,1,4,9,0,18,18,1454.901,638.009,129.156,163.465,150.487,298.821,0.0,74.963,341.941,2789,2789,3037,0.0,3547,6830,9638,4858,27,794748,60,662681
https://digital.com/,40,9,17,1,8,1,0,4,6,484.745,161.633,215.766,40.72,27.566,37.305,0.0,1.755,93.061,668,668,1308,0.04488175276138512,1380,1643,2730,1517,24,289760,24,194985
https://gatech.edu/,56,13,16,2,15,7,0,3,25,2762.141,123.65,2375.25,14.96,102.54,145.005,0.0,0.736,275.65,1843,1930,2947,0.01624842885551559,3587,3459,4598,3526,49,1181849,8,1582461
https://bund.de/,51,6,16,1,2,21,0,5,0,3964.741,2187.917,569.552,44.737,422.852,732.241,0.0,7.442,0.0,2605,2653,4316,0.0,6177,3108,6482,5720,58,3980933,0,0
https://europa.eu/,26,11,4,1,7,0,0,3,0,232.22,159.29,4.942,2.903,63.847,0.0,0.0,1.238,0.0,1208,1248,2449,0.020973782771535582,2503,1670,2733,2491,16,162152,11,71138
https://sap.com/,245,91,49,13,20,6,0,66,138,2348.641,1706.231,157.486,26.952,112.161,43.859,0.0,301.952,1255.163,3269,3289,5600,0.0050778127642264045,8283,11448,10870,6969,125,1345403,122,1005464
https://help.opera.com/,32,7,13,1,4,3,0,4,29,477.101,73.26,313.81,9.505,24.067,52.188,0.0,4.271,463.972,1157,1166,1614,0.12595425930353016,1729,1493,2153,1928,28,472629,4,4472
https://seekingalpha.com/,294,55,91,1,8,0,0,139,186,2795.216,1252.854,1295.6,30.348,13.94,0.0,0.0,202.474,2150.155,386,2113,5335,0.00236157110568519,6994,9659,2348,465,106,966028,189,1830898
https://yandex.ru/,105,21,47,4,1,1,0,31,79,2275.181,1511.208,293.736,287.647,3.286,26.605,0.0,152.699,1726.073,1978,3651,3829,0.00044101698122386466,3288,8164,9305,3842,32,637366,81,1637815
https://deloitte.com/,197,39,10,6,2,13,0,127,148,2284.35,974.962,389.627,105.038,66.082,590.299,0.0,158.342,799.979,1498,1789,2669,0.06252275178677859,3365,5916,3099,1830,46,1309617,152,977019
https://marriott.com/,349,143,61,12,5,7,0,121,286,22336.066,4525.941,17081.733,65.701,121.23,183.24,0.0,358.221,3594.471,1811,1899,7011,0.0390865058409238,19500,40880,32816,9581,74,2006944,291,20333446
https://launchpad.net/,26,4,16,1,1,2,0,2,13,353.598,172.437,61.984,7.124,28.106,75.464,0.0,8.483,12.815,593,593,779,0.1374030981977614,1472,1202,3229,1700,8,229936,18,123662
https://hatenablog.com/,263,45,133,19,2,1,0,63,262,4626.017,2859.453,1400.946,181.892,51.346,23.311,0.0,109.069,4590.59,3346,3346,5069,0.02239481546942726,8775,12551,20425,11116,112,2210604,153,2415413
https://vt.edu/,126,30,37,5,16,15,0,23,65,24825.205,3498.009,20487.031,15.738,113.5,698.003,0.0,12.924,7648.585,2133,2199,21762,0.026546334508925733,7426,9906,26125,4312,86,5871650,42,18955598
https://microsoft.com/,168,18,71,6,2,3,0,68,124,1017.603,429.299,317.564,60.249,56.37,88.274,0.0,65.847,540.47,1189,1212,2706,0.00015248920859444462,3918,6703,5480,2532,56,550820,114,466783
https://sony.com/,118,44,32,2,9,4,0,27,59,2933.386,696.293,1724.232,36.257,29.963,257.7,0.0,188.941,884.17,1883,1889,4466,0.11190663040954364,10046,11701,14065,8576,84,2401574,39,545652
https://gc.ca/,34,8,10,2,3,4,0,7,17,726.729,327.141,215.908,7.792,79.032,81.973,0.0,14.883,314.906,1903,2197,2798,0.0,3121,3072,3590,3013,33,726335,2,4468
https://wisc.edu/,47,10,14,1,3,10,2,7,13,10948.542,234.196,1002.571,24.264,21.253,141.059,9522.887,2.312,227.809,996,1028,2154,0.0010258035691102115,2074,2660,3878,1600,38,1363724,10,9590613
https://sharepoint.com/,230,61,75,6,3,4,0,81,185,2016.564,1380.411,238.286,116.626,106.247,115.204,0.0,59.79,1329.663,2559,2865,3634,0.00047945506796876836,6315,7679,10257,4293,78,847141,154,1169423
https://apachefriends.org/,37,6,22,1,3,0,0,5,8,307.875,205.542,38.783,3.856,52.075,0.0,0.0,7.619,163.353,844,963,1494,0.0007297798994980874,1189,1534,2121,1441,21,180094,16,127781
https://healthline.com/,274,62,78,7,0,6,0,121,235,5613.284,1821.261,3098.586,246.823,0.0,161.819,0.0,284.795,2378.57,1305,1342,2443,0.01576130607314801,3384,7953,6558,1892,23,1284675,254,4328609
https://justice.gov/,43,13,23,1,1,2,0,3,9,726.947,300.488,285.706,12.069,84.516,41.561,0.0,2.607,185.109,997,1244,1284,0.02369636994890143,1760,1884,3170,2527,33,598694,10,128253
https://itu.int/,121,39,43,5,6,3,0,25,45,3392.646,1932.62,1061.044,79.904,131.167,141.204,0.0,46.707,1316.813,6767,6767,10251,0.7670212765957447,11300,16280,13984,11122,90,2928642,31,464004
https://nikkei.com/,185,27,115,6,2,0,0,35,46,4808.073,475.432,4185.961,99.328,34.802,0.0,0.0,12.55,523.811,1199,1334,5040,0.11214495318799743,3333,5754,9598,6326,81,1299719,105,3510527
https://mobile.twitter.com/,53,25,1,2,1,4,0,20,37,2279.184,1550.234,404.723,69.345,0.607,180.287,0.0,73.988,2179.885,564,1566,3004,0.21372161175804663,7821,1566,2554,2537,44,2126980,9,152204
https://dailymotion.com/,360,51,76,24,1,5,0,203,298,6769.045,1873.842,313.949,253.229,49.704,187.161,0.0,4091.16,2763.791,3190,4291,8632,0.0,13203,26467,15094,3257,112,2159680,250,4609365
https://joomla.org/,42,13,19,1,6,1,0,2,5,790.722,147.631,524.664,10.898,43.657,61.816,0.0,2.056,75.491,813,813,1363,0.0,1525,813,2965,508,38,758430,5,33627
https://aarp.org/,561,150,167,38,5,7,0,194,548,3740.211,2694.646,404.029,106.683,105.879,223.035,0.0,205.939,3216.423,1241,1262,6666,0.25636550946879993,14229,30280,34340,9079,117,1991544,459,1749825
https://support.mozilla.org/,41,8,20,1,1,4,0,7,38,959.31,203.567,383.985,36.352,45.748,271.986,0.0,17.672,921.394,947,1074,1275,0.0029932706114129994,1482,2115,2258,1732,30,536338,13,422972
https://oup.com/,49,15,16,1,9,2,0,6,9,1014.986,385.348,456.418,71.267,65.443,33.207,0.0,3.303,168.701,2928,2928,4019,0.47940673074480833,4192,3928,4707,3537,45,923847,5,93183
https://amazon.co.uk/,49,7,24,1,2,4,0,11,34,519.781,114.05,245.548,59.299,28.228,68.922,0.0,3.734,456.261,1855,1855,1995,0.12255772353647111,2742,2689,3081,2882,22,372237,28,150530
https://frontier.com/,345,82,80,25,9,6,0,143,311,3499.967,2737.634,83.683,240.21,138.838,183.329,0.0,116.273,2611.978,861,929,3613,0.007652356106758138,4574,15221,18816,2355,53,1375774,295,2192428
https://smugmug.com/,85,6,33,1,2,37,0,6,81,6399.927,296.508,4254.359,15.253,103.628,1723.181,0.0,6.998,6381.345,2072,2160,6288,0.009757862288443534,3872,4246,5225,3721,50,2035615,36,4366188
https://usgs.gov/,141,59,30,3,31,10,0,8,41,38054.242,518.14,37079.852,19.162,126.129,309.824,0.0,1.135,37427.901,1123,1404,2790,0.06191257517721543,4974,4707,10490,4563,140,3241385,3,34824622
https://evernote.com/,96,22,54,5,1,4,0,10,47,3482.899,653.714,2360.763,17.58,22.227,425.222,0.0,3.393,533.74,1799,1799,4494,0.008532975128880555,2961,5169,6220,2769,48,1490261,49,1996958
https://fc2.com/,52,18,20,4,8,0,0,2,16,1250.231,286.928,916.533,25.478,20.516,0.0,0.0,0.776,286.386,868,912,868,0.004724140545093197,1792,2127,3679,1661,29,254389,24,997224
https://anchor.fm/,98,23,21,10,2,3,0,39,92,5921.862,5499.299,103.823,23.869,55.311,198.502,0.0,41.058,5901.404,1460,3599,9140,0.0,6494,10770,10496,446,55,5878601,44,43261
https://last.fm/,190,64,50,5,7,4,0,60,135,4999.26,1945.837,2467.012,42.972,369.75,62.093,0.0,111.596,3631.035,1318,1659,2161,0.0005075639261883678,9183,16998,22851,4455,36,1721174,157,3279546
https://fifa.com/,90,30,23,3,3,8,0,23,39,3326.179,1509.506,1140.646,161.873,110.7,356.178,0.0,47.276,557.238,1234,1234,4865,0.4156371191800571,4578,5884,5738,4136,69,3223909,21,102270
https://cdn.shopify.com/,13,3,6,1,1,0,0,2,0,425.427,24.603,216.911,15.593,0.919,0.0,0.0,167.401,0.0,507,510,510,0.19631653472694155,1160,744,2157,1131,7,52341,7,373086
https://addtoany.com/,8,2,1,2,2,0,0,1,0,100.263,59.968,3.789,7.282,28.909,0.0,0.0,0.315,0.0,547,682,744,0.0,971,942,1556,910,8,65740,24,35361
https://japantimes.co.jp/,391,135,108,14,36,15,0,83,306,6961.752,1923.165,4493.579,40.96,198.433,196.431,0.0,109.184,6563.502,1814,1814,4542,0.18233117498693513,8027,11237,19456,9096,178,5108119,227,1853633
https://mercurynews.com/,473,105,99,36,9,7,0,217,420,5190.599,3138.12,1049.748,102.692,126.564,182.37,0.0,591.105,3636.938,2494,2510,4224,0.3828648881522604,14263,22662,30490,8055,180,2881219,310,2318500
https://cnbc.com/,365,104,65,29,1,8,0,158,331,4298.613,3325.043,232.065,272.388,6.042,231.735,0.0,231.34,3853.07,2012,2012,2106,0.07888565420397525,6836,15908,2849,2801,53,1695549,322,2607960
https://constantcontact.com/,232,83,48,11,10,4,0,76,206,7618.163,1431.02,5852.988,70.118,57.893,102.323,0.0,103.821,7080.159,1777,1777,5686,0.006725066960361824,4073,8540,11884,2214,38,1451499,195,6166664
https://zhihu.com/,51,21,5,1,3,0,0,21,17,1571.954,1086.218,432.533,19.08,24.326,0.0,0.0,9.797,418.687,1729,3221,4669,0.0033414073490354024,4917,10623,6018,4733,20,1224149,39,352423
https://autodesk.com/,343,101,75,16,17,14,0,120,247,6197.648,3133.077,2331.296,39.008,144.122,364.257,0.0,185.888,3931.602,2212,3454,8606,0.09926564423639112,13652,25696,22204,15262,65,3059532,283,3138116
https://newscientist.com/,354,58,88,36,3,5,0,164,315,2132.243,1303.648,483.493,100.414,21.352,65.057,0.0,158.279,1835.48,1382,1382,1655,0.09326250745952269,8063,8603,6966,2309,165,1829816,197,302427
https://msu.edu/,118,38,37,13,2,2,0,26,80,13913.111,1366.516,11980.958,53.909,342.483,156.769,0.0,12.476,1211.913,1529,1563,7211,0.021543667251341034,4478,6741,9979,3453,53,2803162,76,11222922
https://so.com/,63,23,37,1,0,0,0,2,59,701.366,353.976,193.842,151.574,0.0,0.0,0.0,1.974,548.241,2081,3284,5088,0.019446773889797687,4532,5031,7155,3344,26,546842,39,154524
https://ietf.org/,18,3,7,1,1,3,0,3,0,499.573,140.643,169.465,6.365,34.172,148.304,0.0,0.624,0.0,590,688,944,0.005624195401218236,920,1333,1408,1037,12,286438,7,215030
https://aliyun.com/,233,45,107,2,8,5,0,66,207,6148.57,1101.231,4442.106,28.995,126.012,206.472,0.0,243.754,6038.04,3013,3133,8108,0.670478655161291,7723,8501,12619,6510,177,4157161,57,1991409
https://statista.com/,78,36,15,2,9,5,0,11,48,1521.541,843.009,257.298,89.673,143.665,137.926,0.0,49.97,1135.749,1096,1134,1279,0.004003135461798738,4372,3223,6904,3775,66,1424613,12,96928
https://wufoo.com/,67,24,16,2,4,4,0,17,38,1783.941,982.767,338.302,173.287,85.021,123.981,0.0,80.583,1150.643,1970,1970,2551,0.012514941429595985,3417,2693,5997,2990,55,1705759,13,78182
https://undp.org/,190,112,41,2,6,4,6,19,48,21888.191,1060.453,2081.878,27.831,153.357,214.983,18320.739,28.95,18774.588,2916,2916,5316,1.3963987759742111e-06,11870,11295,18737,11088,178,3027285,34,18862317
https://fastcompany.com/,352,102,146,14,2,16,2,70,334,13000.659,3270.569,7221.626,418.077,9.239,728.463,862.053,490.632,12130.027,1850,1850,18593,0.014096706239257467,18587,24031,32640,7404,223,6388837,143,6611822
https://nymag.com/,360,74,102,30,1,6,0,147,320,3955.745,2322.823,725.654,512.589,0.358,256.145,0.0,138.176,2774.977,1676,1890,2642,0.17559661348487715,8143,15687,21124,2136,104,2997663,264,1039709
https://commons.wikimedia.org/,48,17,25,1,3,0,0,2,0,628.838,364.06,198.688,40.938,18.569,0.0,0.0,6.583,0.0,838,923,1149,0.004127990636256436,2165,2349,3030,2373,33,278846,23,349992
https://ehow.com/,33,1,20,1,4,5,0,2,14,1588.472,10.121,1386.358,19.107,31.753,139.787,0.0,1.346,1373.183,1144,1316,2449,0.0003784042956106445,2216,2191,2947,2154,21,486759,16,1102410
https://xing.com/,22,4,7,2,2,2,0,5,1,725.305,416.334,179.954,73.889,8.779,43.458,0.0,2.891,0.34,752,752,2704,0.07165422696587428,2434,2770,5373,4075,16,667973,6,57332
https://narod.ru/,67,15,24,1,9,6,0,12,32,2068.74,569.733,983.816,19.556,146.259,341.772,0.0,7.604,516.619,3332,3332,4280,0.48461203253657653,4256,4067,6501,3403,27,580808,42,1492478
https://gutenberg.org/,24,0,18,1,4,0,0,1,0,355.981,0.0,266.763,20.654,67.611,0.0,0.0,0.953,0.0,544,544,734,0.0,1516,770,1872,899,23,355028,1,953
https://usc.edu/,60,18,26,1,6,2,0,7,19,2180.187,283.75,1666.846,24.964,41.012,49.321,0.0,114.294,770.596,1345,1568,3903,0.6888262617095293,1957,2310,3159,2076,31,833379,29,1346808
https://sitemaps.org/,11,4,0,1,1,0,0,5,8,52.237,46.161,0.0,2.796,1.765,0.0,0.0,1.515,45.686,726,726,726,0.000377196073388203,899,1213,1139,736,3,6551,9,46237
https://coursera.org/,422,44,276,10,2,7,0,83,410,3042.824,1886.901,485.589,235.906,45.101,201.429,0.0,187.898,2727.762,1519,1519,1690,0.014128147485321454,4960,14037,14029,5103,110,641209,314,2401615
https://google.co.uk/,38,10,7,2,1,2,0,16,14,762.654,612.259,29.605,57.662,0.92,26.205,0.0,36.003,320.406,884,884,1283,0.0,3338,9336,12763,1219,18,518004,22,246471
https://history.com/,356,78,143,20,7,3,0,105,333,3284.406,1755.641,1162.011,109.458,53.688,94.481,0.0,109.127,3002.664,1090,1343,2304,0.05801181157351047,3449,10710,13088,3067,78,1967917,279,1317881
https://scribd.com/,159,58,25,2,18,5,0,51,151,1692.773,945.481,323.107,31.79,84.822,95.22,0.0,212.353,1659.241,2283,2283,4877,0.0,6335,11654,11871,11285,93,1113789,93,578984
https://house.gov/,36,7,18,1,2,0,0,8,13,1416.056,673.318,663.212,45.603,33.106,0.0,0.0,0.817,361.809,895,1355,2581,0.2004386624656067,2820,3227,3576,2936,20,1003741,17,416112
https://xbox.com/,252,57,79,5,16,4,0,91,192,6181.072,1736.069,3304.462,68.204,491.685,161.631,0.0,419.021,4003.869,2780,2914,7216,0.19092147166627418,7051,8720,10872,4800,196,5978713,60,276057
https://accounts.google.com/,22,5,1,3,0,8,0,5,14,629.794,27.523,0.009,525.624,0.0,74.68,0.0,1.958,115.497,970,1335,1395,0.0,2051,2173,3169,1077,11,585633,13,46205
https://businessinsider.com/,433,79,118,37,6,4,0,189,399,3002.587,2482.336,85.088,118.57,57.916,83.119,0.0,175.558,2650.514,670,723,786,0.00997812820932954,11047,25559,2033,1912,34,841423,405,2161164
https://usps.com/,168,43,74,10,6,3,0,32,92,3163.146,772.521,2148.168,22.105,47.705,157.533,0.0,15.114,697.869,1951,1951,3975,0.017458834514769518,4307,9397,15734,5159,72,1859937,97,1335390
https://mozilla.com/,62,16,29,1,4,3,0,9,8,752.323,220.315,275.966,15.831,18.589,203.105,0.0,18.517,159.559,1249,1249,1456,0.0003490182156359057,1978,2460,3342,2906,55,642684,10,109639
https://mitre.org/,75,26,22,1,13,7,0,6,12,3077.078,367.565,2256.472,24.57,265.717,160.114,0.0,2.64,156.212,1382,1494,2094,0.00019426992257765292,2143,2606,3983,3304,45,721611,32,2362289
https://hilton.com/,430,125,186,15,1,6,0,97,303,3358.389,1835.275,970.639,76.316,17.874,407.402,0.0,50.883,1582.355,1562,1562,4591,0.6521890354664652,6382,12420,18826,4464,108,1965431,322,1392958
https://yolasite.com/,39,11,8,1,2,2,0,15,32,954.04,420.401,401.877,8.784,38.824,78.886,0.0,5.268,862.861,1200,1200,3909,0.0893535507104286,3202,3539,3937,2604,35,952517,6,4311
https://themegrill.com/,73,33,6,1,22,10,0,1,10,1123.747,261.392,228.44,31.686,135.248,466.96,0.0,0.021,217.426,1329,1329,2086,0.30658998198970144,2406,2502,3685,2872,73,754417,10,404093
https://indiatimes.com/,151,28,68,12,0,5,0,38,124,1756.161,1019.778,394.36,142.683,0.0,133.885,0.0,65.455,1170.449,876,923,4395,0.46957936528322086,6053,7911,9024,1981,54,876574,100,879587
https://goo.gl/,31,3,11,1,4,9,0,3,30,395.03,120.54,7.398,13.073,11.018,241.375,0.0,1.626,381.957,868,1356,1356,0.00013311862443043495,1390,1356,1897,1522,28,394517,4,846
https://feedly.com/,53,17,11,4,3,1,0,17,23,3241.316,1347.901,1315.84,115.751,107.08,157.086,0.0,197.658,387.954,918,3172,6055,0.2191580189453638,7253,8525,4115,2967,84,2468582,4,774340
https://bu.edu/,57,20,14,1,9,9,0,4,13,3411.626,509.726,805.298,82.322,1630.406,382.759,0.0,1.115,157.657,3924,3924,7181,0.002023990675652566,4665,5039,4599,3633,46,3272539,12,140072
https://zend.com/,69,26,12,2,3,3,0,23,54,1424.739,703.52,501.184,52.348,74.997,50.141,0.0,42.549,792.711,1309,1309,1650,0.008515199351127848,3701,7265,8063,3492,31,1100356,40,325637
https://ucdavis.edu/,653,77,299,8,11,11,2,245,578,32604.486,1547.995,6974.522,64.153,150.225,253.16,23410.735,203.696,30596.85,1067,1123,2678,0.06636845626007473,6666,8446,14313,6592,198,27088594,456,5521230
https://smh.com.au/,396,85,119,25,3,8,1,155,351,4046.308,2255.506,654.685,241.244,14.364,268.815,5.055,606.639,2357.755,1119,1145,2353,0.44178102027318833,10748,15828,25868,6098,146,2795674,263,1287042
https://techradar.com/,725,85,253,65,5,5,0,312,713,5774.05,2197.142,2826.137,218.267,77.89,54.035,0.0,400.579,5418.214,1089,1183,1604,0.003994508381078756,11436,19836,31160,2866,249,4716038,482,1059079
https://utexas.edu/,71,16,27,1,9,6,1,11,24,21297.686,354.831,1805.393,19.021,52.72,154.803,18905.924,4.994,349.89,1205,1575,4130,0.7360636109281861,2399,3745,4455,2553,49,20055917,22,1241769
https://psychologytoday.com/,122,34,44,8,6,5,0,25,77,1469.787,725.677,450.037,45.646,67.046,114.521,0.0,66.86,960.179,1786,1786,1993,6.013640014290051e-05,2630,5774,7766,2032,37,353146,92,1135343
https://tiktok.com/,107,41,10,1,1,7,1,46,80,5470.585,2058.284,271.59,125.846,2.355,348.491,2577.644,86.375,5312.91,1805,2323,2450,0.007214452361147594,10150,15601,23381,4544,41,2319046,67,3151539
https://surveymonkey.com/,167,58,16,2,3,5,0,83,152,8744.81,4372.62,2738.355,62.456,52.902,130.999,0.0,1387.478,8625.942,1797,1797,10238,0.04789443590478496,6531,10075,9657,1582,113,5447922,54,3296888
https://uiuc.edu/,101,37,34,3,3,9,0,15,41,3250.046,726.668,1912.844,50.552,152.866,368.022,0.0,39.094,629.489,1793,1793,5313,0.011987327143000326,5960,4974,9669,8354,90,3145544,13,105982
https://princeton.edu/,33,6,16,1,2,4,0,4,4,1545.514,154.395,1230.42,19.404,55.921,82.89,0.0,2.484,17.176,1491,1765,2486,0.009152852820688222,2775,2743,4173,2889,39,1246583,10,303734
https://tencent.com/,155,20,102,2,20,10,0,1,2,16405.768,116.749,7960.37,103.752,60.444,8164.375,0.0,0.078,3.021,6114,6241,9764,0.011523000791951732,9862,9996,3923,2508,155,16410262,1,0
https://linktr.ee/,146,53,43,4,0,7,1,38,140,2706.316,1714.992,374.434,146.604,0.0,263.081,97.323,109.882,2549.617,973,973,3794,0.19674405557741742,10183,33387,4579,3260,63,1010427,139,1695889
https://line.me/,134,9,102,1,2,2,0,18,8,3189.402,218.77,2409.642,51.264,161.894,69.774,0.0,278.058,316.189,2488,3277,6624,0.001361523623276904,6019,6371,9569,2571,195,2926846,36,268242
https://state.gov/,143,40,36,5,11,8,0,43,100,7079.901,1696.109,1129.806,396.018,210.546,242.668,0.0,3404.754,5985.687,1325,1685,3739,0.00314896631422054,4471,8726,12285,6997,67,1787487,90,5300442
https://snapchat.com/,62,6,18,1,2,5,10,20,45,40386.572,1076.841,23801.832,42.117,8.696,171.82,15272.502,12.764,39388.677,1012,2182,3795,0.003020786341304304,2908,5563,10636,4625,17,1385642,47,39000930
https://youtube.com/,86,18,31,2,7,4,4,20,51,3023.821,1584.693,1133.926,62.446,52.735,58.749,26.381,104.891,1309.096,1194,5830,6551,0.019074698192707212,10230,11161,7242,6977,55,2842464,32,181537
https://debian.org/,25,0,17,1,6,0,0,1,0,1233.019,0.0,1216.774,4.473,11.549,0.0,0.0,0.223,0.0,1113,1113,1924,0.0,1684,1223,2002,1087,25,1233019,1,6011
https://cbsnews.com/,436,59,136,27,3,7,1,203,403,4810.869,1483.33,1519.986,132.8,81.92,161.301,1216.563,214.969,4245.466,809,869,1205,0.10007166717279077,10561,19816,1815,1558,62,2350940,388,2459929
https://asu.edu/,119,46,42,7,3,0,0,21,56,4929.599,1415.365,3395.545,17.672,97.381,0.0,0.0,3.636,574.637,799,799,1597,0.00757010213091516,2521,10422,6000,3496,28,563094,93,4370395
https://vox.com/,511,69,154,34,9,14,0,231,499,3763.682,2545.467,353.842,178.467,121.063,338.529,0.0,226.314,3623.918,1102,1113,1799,0.6088872994080433,5324,15199,22535,3606,68,1762957,447,2000725
https://google.nl/,36,10,7,2,1,2,0,14,13,786.303,612.168,29.5,57.822,0.92,26.203,0.0,59.69,319.584,772,788,1128,0.0,1349,2498,2750,1219,8,376675,30,411150
https://mailchi.mp/,78,22,32,1,4,5,0,14,43,1007.87,528.369,142.68,37.713,64.192,180.479,0.0,54.437,576.586,994,1034,2541,0.01094992308055046,3131,4104,6181,3321,33,587244,49,420626
https://calendly.com/,141,32,34,2,0,6,0,67,102,5065.857,1090.019,57.664,39.581,0.0,175.162,0.0,3703.431,4201.033,1340,1360,1739,0.0010069718277386354,5070,12830,7615,2175,56,1106892,101,3958965
https://science.org/,221,67,79,14,5,9,0,47,167,9289.002,1183.451,7604.036,84.131,114.421,200.15,0.0,102.813,1401.228,1359,1514,12399,0.2334615523160447,12453,10809,40302,6040,163,5615244,64,3678505
https://hatena.ne.jp/,283,36,124,19,2,0,0,102,255,2286.82,969.395,1081.138,96.494,11.489,0.0,0.0,128.304,1864.742,2931,3154,3440,0.024174897323838866,6410,9332,12187,4903,158,1503711,127,799761
https://bbc.co.uk/,368,107,116,19,5,9,0,112,351,4244.924,2091.997,1041.969,499.648,37.318,449.295,0.0,124.697,3835.478,2795,2828,5150,0.23635629808678074,2873,5334,12120,2406,42,1045300,336,3200668
https://nielsen.com/,75,26,14,4,6,1,0,24,56,1263.978,696.829,376.744,47.088,37.315,38.424,0.0,67.578,708.682,1574,1580,2108,0.00756549113990013,2526,5643,3491,2088,34,732764,41,531214
https://pbs.org/,99,20,49,1,4,4,0,21,26,1537.233,745.156,550.363,33.195,46.796,116.826,0.0,44.897,487.418,1052,1052,2832,0.039293585866250744,3411,3690,5595,2906,70,1289115,29,248118
https://merriam-webster.com/,555,61,131,39,5,4,0,315,518,2515.645,1629.383,238.446,318.133,23.862,76.229,0.0,229.592,2256.861,1161,1430,1647,0.0013108489627029086,5715,19507,27791,1737,46,618090,520,1897555
https://redbull.com/,109,40,31,1,0,6,2,29,10,5069.863,1237.212,1198.135,141.45,0.0,306.738,2132.188,54.14,2256.683,1202,1479,4978,0.007504214042750172,6419,9345,11845,3523,68,3231851,62,1838012
https://britannica.com/,528,64,141,39,9,3,0,272,481,2919.921,1756.118,595.289,119.415,55.407,157.13,0.0,236.562,1953.121,1927,1927,2458,0.0017395587573864012,14463,21253,33391,11269,48,1096752,491,1823169
https://umn.edu/,139,65,23,6,11,7,0,27,101,3349.189,1760.476,1023.581,117.171,109.63,196.864,0.0,141.467,2629.909,1270,1304,4238,0.252655342891073,5269,7642,15369,5841,53,1637712,87,1712738
https://elpais.com/,89,23,19,5,1,10,0,31,58,1259.958,663.475,177.867,87.429,35.852,283.978,0.0,11.357,639.098,724,735,1308,0.00294559551278091,1539,5098,6577,1680,20,543610,70,717889
https://uk.linkedin.com/,42,6,3,3,1,0,0,29,32,458.056,334.412,10.711,20.713,39.632,0.0,0.0,52.588,383.024,576,576,636,0.0,951,1769,1023,453,5,210854,37,247202
https://amzn.to/,411,15,286,6,4,8,2,90,94,4401.267,369.263,2137.752,152.593,67.871,171.44,1462.496,39.852,60.33,1587,1587,1714,0.17976891652139343,4516,8002,9068,5231,124,1343492,290,3064867
https://youtu.be/,91,18,36,2,7,5,4,19,58,3770.728,1607.351,1852.094,60.948,52.599,65.407,26.381,105.948,2034.054,1167,4131,4952,0.019388367158090544,6048,7567,4545,4350,54,2322747,39,1448168
https://opensource.org/,45,16,6,3,9,5,0,6,22,721.648,400.568,82.731,35.226,73.633,117.787,0.0,11.703,533.151,995,1099,1179,0.013932755657746727,2036,2108,5395,2717,28,435588,19,286060
